Id,Name,Gender,Age,Birthdate,Address
6c2db07b-f62f-48c4-897c-323e42b6d09f,강재은,여자,50,1973-10-23,광주시 성동구 97로62
28cd4373-d012-49d8-9018-47d97bb6e24c,이미애,남자,27,1996-12-18,대구시 장안구 38로10
b4b058ff-ecff-4738-8f4b-c741de521523,정성진,남자,61,1962-10-25,대전시 성동구 85길89
92298bc3-6b7b-46f7-9b93-eff816c70c4c,강재은,남자,30,1993-2-7,울산시 분당구 96로44
42b4556d-5a5e-49ad-b74d-7759960cb7b0,이윤경,남자,43,1980-2-1,강원도 성북구 100로30
4dae67a4-389a-4280-8f00-c84a37a5ec14,최형섭,여자,80,1943-5-2,대구시 강남구 1로25
d88d5995-ad00-431d-9d64-b65f8b4d4dcb,오선진,여자,36,1987-4-6,대구시 부평구 94길1
9004acd7-c848-448f-a1e4-8273fee2bc95,정형섭,여자,63,1960-5-3,대전시 성북구 20길39
978d6140-1582-45e8-b959-73c5efdb953b,강재은,남자,50,1973-6-13,인천시 강남구 11로22
05970e06-96f7-4fcf-ac26-54889c67926c,오영웅,남자,80,1943-12-14,서울시 동구 67길17
a68dfeff-8cab-4429-ab8c-8fd237d6cbb6,정영희,여자,78,1945-7-26,서울시 계양구 1로7
6a4e2e07-a68a-42b3-84a0-b358a1839c52,윤철수,남자,35,1988-3-6,인천시 성동구 9길95
62d230b9-7a1a-4ec0-bda0-bccaea3316b1,박미애,여자,20,2003-6-20,인천시 북구 16로87
a65fcf33-bdc3-4af7-ace2-2d1e7ba4a213,박영웅,남자,40,1983-2-18,인천시 성북구 38로59
5217b422-c3fd-45f1-99f3-9784145e5168,최석구,남자,46,1977-12-13,대전시 성북구 80길79
ddf6f433-12d4-4f24-a3b3-f156715ab4cb,강형섭,여자,32,1991-7-17,강원도 서구 6길24
8e09e969-894b-4c52-b1d3-f66fdc496b6f,김수현,남자,46,1977-11-17,강원도 강남구 73로44
3531d3e1-bd41-4321-86c4-2172cc37cf92,최재은,남자,82,1941-5-1,대전시 계양구 3로13
57cb9e11-4a07-48eb-b765-845f8f95f82a,최재은,여자,27,1996-7-17,광주시 장안구 26로29
9a6ff545-e874-4c6c-aa38-0a177db782c1,조영희,여자,74,1949-10-2,경기도 북구 41로71
27fdfd6c-ac4b-41be-87af-c169a08b420c,윤미애,남자,79,1944-8-9,서울시 북구 5길28
d1afcd97-3896-4494-b735-fb429de965e8,정영희,여자,80,1943-3-6,강원도 동구 50길75
11cbf683-c90f-4c52-bc90-431c02bba611,조영희,여자,23,2000-11-16,서울시 성동구 26길19
c04ea2c6-7fe1-471e-917e-c36f98fe6537,박미애,남자,59,1964-6-17,울산시 북구 18길61
7dabb422-eea9-4d21-8dc8-55b0c579d16b,이철수,남자,38,1985-8-28,서울시 분당구 84로47
3bdd60d8-0f74-4f33-8b48-f91c46aadef4,강석구,여자,33,1990-4-7,울산시 분당구 24로30
1bf562ab-729f-42f1-8b48-9824d424eeb5,윤선진,남자,49,1974-2-15,대구시 동구 33길14
071423be-ee8b-441b-afce-f13d4454e16f,박영희,여자,23,2000-4-7,인천시 강남구 15로87
1d93d923-2496-475b-95a7-487fa09686a4,이영웅,여자,16,2007-3-20,인천시 연수구 50길84
015c923f-3e75-4425-b51c-39a46f8cf2aa,정미애,여자,23,2000-7-20,경상도 분당구 66길69
02ca1c91-bd1e-46c0-b916-61ccf6a93ef4,이윤경,여자,29,1994-7-15,광주시 연수구 47길81
cbd3a30c-aad0-4ac4-9f69-480ff0689078,박철수,여자,38,1985-3-10,대구시 서구 74길79
1550bd4d-2715-4d80-aee2-5b0f3efe94a3,오재은,남자,32,1991-4-16,광주시 서구 52로87
ca6b8910-fa28-4a9d-b6ed-000e7a4ca531,장재은,여자,49,1974-9-10,경기도 성북구 29길84
c640b2ee-4902-4040-ab24-a7e2eb04f7f8,이석구,여자,55,1968-2-15,대전시 강남구 40로10
7a887777-7342-415c-a542-7d6152615c90,조철수,남자,77,1946-5-24,강원도 동구 32로10
815e8a1e-0227-4603-8892-d1d28cc1d159,장윤경,여자,33,1990-7-6,인천시 성동구 46길40
fd536427-7019-43ed-b3cd-e0f5a9d193db,박성진,여자,17,2006-10-9,인천시 강남구 56길81
e31077e1-977b-4e12-9f99-eb5965c3caa6,오철수,남자,16,2007-11-25,경기도 성동구 70길73
50dfe56a-15c0-48e1-9090-be27fa411315,이석구,남자,82,1941-3-22,강원도 장안구 79길54
3f92ec16-4b12-4672-82e5-47799c09e1e8,조윤경,여자,29,1994-3-5,울산시 강북구 56길39
296ef552-586c-4569-b58f-12da0f7091bb,윤정미,남자,67,1956-11-18,강원도 장안구 95길20
6d6157d1-911d-4c1b-8f08-8a35cdd97626,김정미,여자,42,1981-1-1,울산시 강북구 59로54
fe62c4e0-9dfb-41d1-933b-c7acb021d187,장형섭,여자,74,1949-5-1,강원도 강북구 50길1
7d0ccb73-4893-44a2-aa73-30c02f1f927a,최선진,여자,28,1995-11-4,경기도 분당구 73길96
1466d26c-ead1-4c29-8cd2-346f2fdab783,장영웅,남자,59,1964-6-11,대전시 성동구 10길4
63ec7261-b67a-409a-b305-12115d800ada,장윤경,여자,35,1988-12-6,경상도 서구 24로93
51341510-ff81-4872-b727-72de47768a4d,윤형섭,남자,42,1981-1-21,광주시 장안구 33길60
f37ce268-f381-452c-8ae5-ea8a044712e5,김선진,남자,39,1984-10-14,경기도 강남구 35길67
106dc985-0300-41a9-ab30-82005fb70c5d,윤재은,남자,16,2007-3-23,경상도 성북구 58로85
e73bde89-a37d-4422-873d-8d8e9b19a2bb,윤영웅,남자,49,1974-9-22,광주시 강남구 26로69
48db2cd8-c4ff-4768-aa97-24dc347ec017,윤성진,여자,47,1976-8-2,울산시 서구 48로16
4009f10a-be30-4ad8-ad3d-3aada7e30601,오영희,여자,35,1988-6-9,강원도 성동구 81로21
a16d7ef1-db30-4089-8c56-ba2620f0365d,박미애,남자,23,2000-2-9,서울시 부평구 77로74
743f18f0-ccb3-44f9-8645-45f02dcb6616,이수현,남자,61,1962-6-24,광주시 계양구 94로66
b19da017-3538-4f14-8153-b864fd61dda8,오철수,여자,62,1961-12-1,대전시 부평구 60로90
7be406d4-86f2-48d3-9ee4-3d2097277327,윤정미,남자,54,1969-11-22,광주시 성북구 3로92
22b082b7-aa24-4cde-9930-e5a52ead3247,정영웅,여자,58,1965-6-11,경상도 분당구 26길62
ee66eccd-fc93-45d9-8144-1634271676d7,오영희,남자,68,1955-2-13,광주시 강북구 63로98
ac308ebd-8c7a-46a5-9ace-14b9845a4577,최재은,남자,71,1952-12-20,서울시 장안구 92로2
4f842cb7-e258-463e-965c-934f92187613,오미애,여자,34,1989-6-27,경상도 강남구 17로51
dde43945-6294-41fb-bb44-58e0f757a45c,박영희,여자,33,1990-10-7,경상도 부평구 62로16
10bc7a49-d46f-45d2-a4e2-6840dd32e936,장선진,남자,46,1977-6-16,부산시 계양구 43로48
e720bb9e-6dee-4016-903b-5cf721a36442,장철수,여자,73,1950-7-25,서울시 성동구 5길18
d5c00d53-ded9-476d-99ac-b93583b449a6,정형섭,남자,57,1966-6-19,대전시 서구 8로11
3e9c7d4b-3054-4d09-bb22-7d3efeb3bce1,오영웅,남자,62,1961-11-18,울산시 성북구 13로10
f9248634-a605-4665-ae0a-6965e387dc68,윤선진,여자,37,1986-10-19,부산시 연수구 56로98
5ce9997a-b630-4947-b478-92f029cffd82,강미애,여자,68,1955-9-4,대구시 서구 25로49
20f80aa4-d9db-49ff-91ce-b5124eae4668,김재은,여자,15,2008-5-24,인천시 북구 35길36
5677f41c-4503-4743-bcc0-1adf39f0b128,오재은,여자,33,1990-12-17,대구시 분당구 92길36
e5e7c4fc-f3e3-4c5b-a4e0-6bfd95abaad6,박선진,여자,80,1943-8-7,부산시 계양구 6길44
3de9d9a7-97bc-4b30-bbd6-a2353563a10d,강철수,여자,25,1998-2-14,대구시 성북구 2길70
ed96d878-4c46-4668-9150-c547a2d98e63,김석구,여자,59,1964-1-9,대전시 연수구 18로81
b805061d-e39d-4fef-88eb-9a071971c928,조성진,여자,25,1998-6-27,서울시 강남구 87길76
12f47f9a-98e0-479c-888e-025d6a5438bd,최영웅,여자,22,2001-2-1,울산시 성동구 14길66
cc7b1898-316d-4b0a-9e85-6f8e2528a858,윤수현,남자,81,1942-5-3,서울시 계양구 98길13
76f85c5f-132b-43d9-86ee-a40691166df9,윤정미,남자,75,1948-8-15,강원도 북구 14길2
70bfe4f7-07ba-46c7-b254-d438a01415c6,최정미,여자,50,1973-12-14,경기도 강북구 61로29
f1c275da-a88e-4d1f-a97e-90a121810a4c,오수현,여자,63,1960-1-16,광주시 강남구 33로37
a32cba2f-f296-4b09-8665-2af8f684cdbf,이미애,여자,20,2003-11-19,강원도 계양구 30로100
de3698a6-7a4d-4045-af0b-451ea9211718,이재은,남자,81,1942-5-9,부산시 성동구 71로3
98c9f8de-450c-40d0-8f6e-3d099a070fdc,이선진,남자,82,1941-10-25,강원도 동구 8길13
1cdb2208-28bd-43f1-90a3-82e03f159907,장윤경,여자,60,1963-4-4,서울시 성북구 8길58
8c84a3b7-a708-4a8b-9687-4240055198cc,최정미,여자,76,1947-1-22,대전시 분당구 50길68
28d8bfa3-6ca8-42a7-956b-0b40cf09cee7,장성진,여자,70,1953-12-20,경기도 서구 81로35
3b0822d3-0d2b-4c7c-bf73-d10ce3c87a9f,윤영웅,남자,45,1978-8-27,강원도 강북구 26길45
40bd8f69-9385-4613-8c31-95ad8e2148c5,조정미,남자,23,2000-8-24,서울시 연수구 31로19
dbc65642-0131-4ba5-95b3-db7d0260460f,강석구,남자,53,1970-8-16,서울시 강북구 94길35
2f984f4e-b89e-4e3b-b49f-bed3f6d5196a,오미애,남자,63,1960-3-25,부산시 북구 24길23
b630e494-202d-48c7-b016-c3ddddbe0bfe,박정미,여자,76,1947-12-2,대전시 북구 16로27
ecc2c279-35bb-418e-894e-ef7c0b870c31,정철수,여자,63,1960-3-2,광주시 부평구 17로17
d2d95163-04cf-49f9-94fe-0b0cd5aa576d,오영웅,여자,30,1993-11-11,울산시 계양구 77로9
aead4ce7-0625-43c7-99dc-79a51bdb240c,조성진,여자,16,2007-8-22,서울시 성동구 47로94
6bc7edbc-08ce-4fbc-874f-aeb7a2c572ee,윤영희,여자,56,1967-10-28,경상도 부평구 32로72
d412c40f-da1a-4f68-874b-92d89e35dc61,윤철수,남자,71,1952-6-23,경기도 성동구 34로26
7b82349d-4f12-4206-936f-57394b7ea992,정철수,남자,49,1974-12-23,경기도 부평구 39로89
88ef5972-cb9d-4780-acef-24516a0669dd,이윤경,여자,35,1988-8-9,부산시 성동구 100길53
bfae9739-31ca-4a8e-a2fa-fb5892e17f01,정정미,남자,37,1986-1-11,경상도 서구 78길58
ac6e9b05-dc93-4571-86e8-a249a5fc2808,정형섭,남자,50,1973-10-4,경상도 부평구 80길11
1af37f16-fe75-4910-9646-a4a04f42ce9c,조영희,남자,17,2006-7-12,대구시 북구 2길38
7b336df0-e72f-4f76-80cb-6b82a78e5b6b,강윤경,남자,55,1968-2-1,대전시 부평구 33길44
db015a2c-47a4-4a01-be18-c1dc9ef2f396,장윤경,여자,54,1969-2-7,강원도 계양구 97로74
bd4c180d-b818-4724-9a76-f3a7e654466d,장영웅,남자,43,1980-7-19,울산시 성동구 14로21
fe2f4d59-5262-4c9a-934c-5684a1deba9c,박성진,남자,74,1949-1-20,인천시 성동구 52로58
05a19e51-ef62-41af-b281-f9c218b81390,정성진,남자,43,1980-4-3,대전시 동구 90로92
07586fa7-d90c-49f1-a01c-a30da08b2f7a,강미애,남자,39,1984-11-17,부산시 성북구 36길95
0a1825b3-f7e0-4c18-a572-63b8c03d298f,장윤경,여자,59,1964-9-1,서울시 북구 96로9
546ff1dc-1c56-48ba-90ed-b49052f68e18,정재은,남자,49,1974-10-7,인천시 성북구 20로55
fecf177c-8c1b-45d6-aa6e-85dc1dbe7f8e,김성진,여자,48,1975-2-5,부산시 동구 88로17
63caeb44-fafb-4f10-8ac8-29de1a2fcd36,조성진,남자,49,1974-4-27,인천시 계양구 96로7
7ce39b2d-1d6f-423a-81ed-9bde2d1d4e34,김윤경,남자,17,2006-6-9,인천시 연수구 13길86
2c086f22-4d50-4c15-aa59-5e8c2cf5bcc6,장철수,남자,54,1969-7-10,대구시 동구 27로99
a15d243a-5e38-4444-a9ce-3bedb3333ac2,김형섭,여자,63,1960-1-11,부산시 강북구 50길62
96f17a54-01c0-4e5e-a9bb-f1d094b07469,장선진,남자,65,1958-3-27,부산시 연수구 24길53
c4c8499d-c123-4bce-a040-eae103ea6946,이철수,남자,35,1988-2-23,서울시 분당구 50로68
3972ed46-a02a-480b-a38e-28ac0f344a74,조형섭,여자,75,1948-11-3,강원도 부평구 40로19
9943f5e2-b0d9-41cd-9292-d9cbe3d8c057,오수현,여자,44,1979-10-20,강원도 성동구 37길80
cf955694-aa6d-454c-89ad-a0e845249d06,이미애,남자,58,1965-4-20,강원도 강북구 55길69
4b87120f-3c4d-4d26-a4dd-2f3ecde3e01e,강영웅,남자,57,1966-9-9,인천시 북구 42길61
8fb8c41d-d505-476b-922d-d8923856d0a0,강윤경,여자,64,1959-12-12,경상도 북구 46길11
2a48f3bf-a25b-480b-8f45-88defca28e17,김성진,여자,19,2004-3-18,서울시 성북구 84길60
12ee204f-bd76-466c-9b4b-8e6a942b6ace,오형섭,남자,76,1947-7-21,대전시 부평구 95길80
c1730f89-a0bf-4181-afc6-321e7cce9100,정영웅,남자,52,1971-7-3,인천시 동구 49로38
9e326023-aaf3-4eaf-9d6e-eefb580be057,조영희,여자,62,1961-8-10,울산시 서구 15로52
0e2fad59-e062-4958-8f9f-ee27e32c4761,정재은,남자,37,1986-5-4,부산시 북구 83로15
9e5eb5d0-9cd3-4921-97f4-c390f144f597,정성진,여자,56,1967-11-27,서울시 계양구 5로89
33e0c4eb-76ac-4d07-ac6c-e47efebcd027,이영희,남자,79,1944-11-21,대전시 성북구 30길27
787983d2-9f80-4faa-a6e6-9cb850be8041,강재은,남자,22,2001-11-13,경기도 성북구 53로32
72b448f0-99ca-41f1-b3f2-c809c254efb4,조영웅,여자,41,1982-10-25,광주시 분당구 44로16
bda6599b-0411-43e4-a577-d45a418fd137,조재은,여자,27,1996-3-28,대구시 분당구 3로60
80a8fe93-f046-41ff-8b68-2d223a7c02ed,김재은,남자,78,1945-5-20,경기도 분당구 46로87
aeda2f02-b670-41dd-924d-487e98520df6,박윤경,남자,61,1962-11-13,서울시 강남구 3로88
3650faf6-530a-4330-8df5-fbfbf9a3290b,최재은,여자,66,1957-10-7,부산시 서구 5길24
a16d57c9-70c7-489f-829d-5de66fc863ae,윤철수,여자,60,1963-2-20,대전시 강남구 73로62
0cd32ed6-a729-44cb-aab4-ae08a8d22438,김윤경,남자,76,1947-12-3,서울시 서구 64길9
7edc50d0-048f-4366-ac5e-5164596ce445,장선진,여자,15,2008-12-2,광주시 강북구 7길44
ef3199f3-02bf-401d-af8f-2bb5aabc8928,조영희,남자,33,1990-10-22,대구시 강남구 39로11
4db33e29-8662-416c-9449-bf3961985a0a,윤영희,여자,39,1984-1-22,인천시 북구 54로58
e618f330-29d1-4770-8a2a-b91359f3b4ee,장정미,남자,78,1945-11-5,대구시 성북구 27길14
a2ad6696-ab84-4322-a626-0651b3befa6a,최형섭,남자,70,1953-12-20,대전시 부평구 7길62
da330351-c9c6-415e-9005-a75bb9a1f444,조영희,남자,43,1980-11-15,울산시 연수구 53길4
51619cf5-7cd1-425c-886d-c823b45667be,김철수,여자,49,1974-7-18,인천시 서구 24길88
b4d3155b-f659-4809-b9ea-26eb30a03e7f,박정미,여자,39,1984-1-19,대전시 장안구 60로19
b2ab26ad-b4e8-43f7-aa51-f00eb3337235,정재은,남자,78,1945-11-26,서울시 분당구 10로58
b060147d-88a6-4e00-b48d-7620afc6e04d,이영웅,여자,20,2003-4-21,울산시 부평구 15길28
6894b244-085f-4c26-abca-d14a9a69f127,이미애,남자,49,1974-1-21,부산시 성동구 97로56
7537c3a1-c332-40fd-ba03-fe4f7cbaaa62,이윤경,여자,52,1971-9-8,서울시 분당구 82길68
cc1d13ea-1b8e-4433-acb9-2c407c9d53e6,오재은,남자,48,1975-1-21,인천시 동구 79길19
ec32f10c-8153-4aca-9f41-53e2c63c1eb1,박재은,남자,55,1968-9-17,경상도 분당구 10로61
fdea280b-5817-4142-ad37-0ae0fa1a505b,박정미,여자,73,1950-2-11,대구시 강남구 19길16
b488b3ae-a6fa-4e30-b8be-ce177eeb3c49,박정미,남자,75,1948-12-3,광주시 동구 98길98
f2feebb6-aadd-4546-a4f9-a31a7649b251,강재은,여자,59,1964-8-27,인천시 서구 51로12
a56fd87a-49c2-4ebf-bf4d-71b3953d6b05,김철수,여자,38,1985-11-8,대전시 성북구 20길93
313684f1-01c9-405a-8fd9-905e002665f0,조선진,여자,73,1950-5-20,대구시 강북구 30로100
27f44bf1-1419-4e35-bb3d-9efe5fb7464d,장성진,여자,35,1988-7-25,대전시 연수구 50로29
3c959171-a8cd-4bc0-bd04-b47b3bff8c71,조형섭,여자,41,1982-2-2,경기도 강북구 95길30
2f1c96a8-2bdb-4236-94ea-860e47627f4a,박정미,여자,46,1977-6-26,대전시 연수구 2로94
14b02aeb-fb46-4ebf-bee5-010aa95b0607,윤선진,남자,59,1964-11-9,부산시 북구 49로46
d64c9fa2-bf78-4be5-9925-24a2f810db7a,이형섭,여자,41,1982-7-8,경기도 성북구 43길27
719bcfc1-a599-4b60-93df-1ea469ca363b,조성진,남자,24,1999-7-24,강원도 성동구 63로44
1a4aa5a3-df1f-41e2-bed4-3180803f4a54,이영웅,여자,23,2000-1-14,강원도 분당구 64길37
f428081b-2429-4628-8cfe-420997746db9,정정미,여자,57,1966-9-20,경상도 분당구 31로35
dfdcb0fc-bf58-4ec1-808d-8da238c3287b,강형섭,남자,68,1955-3-23,서울시 북구 24로73
69066000-0ec8-4ca1-a9ca-99fac6e98711,장영희,남자,18,2005-3-24,울산시 연수구 14로16
7dda9941-544c-44fc-b3c0-1b8e02b71f42,정정미,남자,61,1962-10-10,인천시 연수구 15로97
e73b49b2-44e9-49b3-b2a2-e58b28051f59,윤재은,남자,70,1953-4-11,경상도 연수구 50로98
5ad20a48-e38f-4e72-aba6-9ab724543a53,오선진,남자,71,1952-3-19,광주시 분당구 82길73
2c02b49a-56c6-4b83-b988-6ee573839869,조재은,여자,78,1945-9-24,경상도 장안구 14로56
5f521d72-e3d6-4f62-898b-13a58f61c55c,조영희,남자,31,1992-1-3,서울시 동구 44길17
f4e5c413-3090-44ba-b81d-778ddbad02ac,조영웅,여자,49,1974-11-6,경기도 계양구 76로50
5cb055a9-91f1-4bd6-b8c6-c77f61739a5d,강영웅,남자,66,1957-4-27,대전시 성동구 56길28
0ce9ee7f-5831-43ec-a906-454b0f989c48,윤성진,여자,40,1983-5-14,광주시 동구 71로50
7e4fc1c7-1b9f-4159-9329-9aff50582966,박선진,여자,67,1956-1-20,대구시 성북구 7길15
0599253c-63f2-4d26-9e87-987ae8583f15,김재은,남자,37,1986-2-5,대구시 연수구 96로19
b3854342-92e9-4db3-87d0-4243da9627a6,최수현,남자,83,1940-2-26,대구시 부평구 28로3
1fa14ab7-17f8-4157-9c6d-80f46e802577,이윤경,남자,19,2004-7-15,경기도 계양구 31길66
69a8125a-04db-4fb2-b8ee-a8ce30a86fe5,박석구,여자,16,2007-5-3,대전시 서구 8길42
6715a61a-07f0-4d2c-9ba4-fffffee644ca,정영웅,여자,19,2004-4-11,광주시 동구 81로76
6d6f5073-0ea6-4e76-87e7-9225941a42eb,박재은,남자,17,2006-4-12,대구시 부평구 50로47
0791237a-7462-441f-b983-f57af8fdd086,정재은,남자,29,1994-6-5,서울시 분당구 76로100
23fd91e4-556a-4892-9680-269bfe730c45,이석구,남자,54,1969-4-25,서울시 장안구 9길39
cb049443-7b11-4911-9250-ced30d260840,조성진,남자,44,1979-10-21,경기도 장안구 69로63
51eaf0f9-04a7-4c54-985b-2e1b051729ff,김윤경,여자,52,1971-9-22,인천시 성동구 84길97
8abb6299-7a63-4fad-86f3-e747fe2d5ead,강영웅,여자,56,1967-4-12,울산시 부평구 71로22
132724ba-87ca-4ec1-a8fc-752c62ae46be,장성진,여자,48,1975-3-25,경기도 계양구 34길17
9e0ae201-6bf5-40f9-962b-9957b80ccd18,정윤경,여자,28,1995-9-19,인천시 연수구 60로92
16df4c53-b074-4f07-b4e4-8d31dc236b05,오성진,남자,65,1958-11-5,대전시 강북구 60길2
cc85d54f-623d-47a9-97e3-1ae6147a7368,강석구,여자,82,1941-11-15,울산시 연수구 79길65
cfaf365f-aa8f-4b88-9336-6db44c68f83a,오윤경,여자,38,1985-4-6,경기도 장안구 82길83
a39b0681-ec81-4c0f-b88a-540f11d1d8a2,최선진,남자,62,1961-7-19,대전시 강남구 10로54
84d06301-b20e-4679-a1f5-1e09157ab4bb,조윤경,남자,82,1941-2-27,서울시 계양구 32길41
98f6147e-f78a-44ff-815d-c178b559a49e,장선진,남자,76,1947-5-13,울산시 서구 12로59
2b48a541-517c-4bb2-a6ea-799d7381a029,강철수,남자,33,1990-2-27,대구시 부평구 7로24
434369ff-cf49-402c-b683-456fa5c40c59,박미애,남자,61,1962-4-13,대구시 서구 65로39
0fdec924-7a8b-4143-bdfb-e76f4afb8a7d,오수현,남자,28,1995-12-27,경상도 동구 72길46
dba601b4-52c8-4c06-b84c-549e4048c22d,윤재은,여자,52,1971-11-14,경상도 강북구 1길13
0894ef74-e9a7-4441-a956-c6e5c090ea2b,오영희,남자,65,1958-6-1,광주시 계양구 92길8
29143ab0-12d8-4926-ba21-24002d4851ea,박영희,남자,61,1962-11-3,경기도 서구 92로72
60f09f80-09b4-458e-8e4d-0c28eaee3fe2,오형섭,남자,64,1959-9-23,부산시 강남구 12로27
1eb07435-e7ed-416b-a424-c48af812628d,박정미,남자,26,1997-1-7,경기도 성북구 58로2
a7b9a124-5273-45c2-8741-ae4cbab52b36,이영희,남자,81,1942-6-11,경상도 분당구 78로31
26ec8da9-ac75-4515-b454-903100c113b6,윤수현,여자,34,1989-6-11,서울시 계양구 61로72
84008c88-ff11-4f98-a399-e3fe2a26e5a4,오영희,여자,77,1946-10-28,울산시 부평구 28로91
bed29b42-250f-4c9e-acfc-55f4f84b8a4e,장선진,여자,54,1969-6-28,울산시 분당구 6길34
8ea6bcb0-b738-433c-8a50-4a92dbd274ea,이영웅,남자,44,1979-8-7,경상도 부평구 56로62
d3d98440-6351-4e28-b2b0-4282a21e6bbe,조영웅,남자,52,1971-8-5,대구시 강남구 9로33
c6a61613-464a-432b-afbb-968c4e31928f,정정미,여자,73,1950-3-14,경상도 분당구 41길41
456bc333-e19a-4cd7-bab2-4b3f5ab761da,정수현,남자,36,1987-9-7,부산시 연수구 68길27
410612e5-e043-4ea7-ab5e-7d2ee2c01fcb,이영웅,남자,29,1994-5-6,울산시 동구 56길67
fb948bcc-8add-4852-89a1-35de2a8cb378,정철수,여자,55,1968-6-22,대구시 서구 68길25
08a55a36-61a0-4583-9ecc-b99b3e83492e,오성진,여자,37,1986-6-18,경기도 부평구 56로86
e6405ae0-ffa0-436e-a8d3-5c5fc2b553e0,이재은,남자,80,1943-12-19,경상도 동구 54로53
4d728e64-192e-4602-8980-0f08f37a0717,조형섭,남자,81,1942-2-11,대구시 북구 39로65
1cd84795-fcf2-486d-a31c-98235fbbc113,장철수,여자,24,1999-1-5,광주시 성북구 79로62
f8a1b15f-9fe3-4d18-ba46-89551ebd4cd3,정석구,여자,28,1995-2-26,광주시 분당구 1길96
414d80dc-3fb1-40d5-84dd-1500449136ca,박영웅,여자,24,1999-4-17,대전시 성북구 82길79
ed8867f0-27c8-4c9a-8f2d-97e4b10eb9a2,강형섭,남자,18,2005-12-11,경기도 서구 7로94
bda4cbde-a268-4ee0-8eb3-bdb077a610e5,정석구,여자,76,1947-6-1,서울시 계양구 50로83
ba480a5b-c2c1-4009-974c-86756cb988ff,정수현,여자,44,1979-6-10,강원도 성동구 88길98
eeacd2ef-4060-47f9-b73d-5adf67b53393,최영희,남자,15,2008-6-19,부산시 계양구 63로49
ecd79dbe-cfe6-4ba5-8877-f8f676ee3349,윤재은,여자,30,1993-3-26,광주시 성북구 28로27
f89f3c6c-ab3f-43ca-87b1-467d6b7e0ae1,최영희,여자,72,1951-6-7,광주시 부평구 33길71
02842dce-8a7f-4f5e-9ba5-496e2ca706c3,조선진,여자,39,1984-7-7,강원도 분당구 44로29
d6b1ad4e-7d38-4bfd-adab-5517ce753416,오철수,남자,23,2000-6-2,대구시 동구 63로94
5074c7ff-6a2b-473d-b226-39be6e9e2929,박재은,여자,70,1953-7-21,광주시 부평구 77길27
24f8d1cf-b25b-4a7f-954e-c4ff27e28766,조성진,여자,55,1968-1-27,강원도 계양구 63길12
c56e396d-1fed-4357-bfee-d8f8d44fe4b8,박철수,여자,72,1951-11-19,강원도 동구 51길60
c6cc14eb-f09d-4c35-8fa0-24b08b0a7d05,오재은,여자,45,1978-1-3,울산시 강남구 34로95
36deb87a-072c-416c-9d96-0bb9fb3eb464,강재은,남자,62,1961-10-7,경상도 분당구 70길5
135cc431-3e91-42dc-9bd4-a90fd8514e59,강영희,남자,58,1965-10-17,강원도 서구 53로80
723d1c69-bf66-4cf8-92dd-30ac91435716,조윤경,남자,60,1963-10-17,광주시 동구 58길79
658370b2-9014-4a18-9d6d-fff76687810a,김미애,여자,36,1987-6-12,대전시 강남구 18길51
d15a35da-71db-4124-a800-ce93cad270a9,조철수,여자,16,2007-6-27,울산시 계양구 3로66
bd533e1c-fb9e-46f0-b6f5-7b690dc0d544,박석구,여자,55,1968-12-4,광주시 연수구 91로95
d5f4cd62-1d6a-45f6-b849-7850f4b23860,박수현,남자,76,1947-11-25,서울시 강북구 56로69
ac6402b4-4541-478b-8a38-d72412a945fc,장영웅,남자,81,1942-3-25,경상도 강북구 96길98
26aa19ec-c6b2-4b45-8854-354f04753e1e,박윤경,남자,43,1980-11-12,인천시 계양구 99길13
57b9db51-f99f-4101-ada1-16ba72e46cba,조재은,여자,41,1982-9-28,인천시 동구 58로75
f4c23cb0-ae6c-4fa3-ab67-b09f4b7cc934,윤정미,남자,43,1980-3-22,인천시 분당구 57길53
eaca73ad-409f-4d0d-bbf1-911d8f230de2,오정미,남자,69,1954-1-23,강원도 동구 21길27
c7b28221-781e-4fca-9508-a01ea731e8d6,윤영웅,여자,31,1992-6-16,울산시 동구 93길1
32c16cc6-34a8-4646-b5d0-32b1578aff0b,최철수,여자,51,1972-9-21,광주시 강북구 64길58
df28e84b-6851-4979-85e1-1c9abd148302,조미애,여자,22,2001-1-16,대전시 성동구 84로91
311edc03-c07a-4b26-9e7c-15bc13a7aae9,강석구,남자,72,1951-1-22,강원도 강남구 33로20
8ce83234-9705-4181-bca9-4820b6ca7ed6,정형섭,여자,61,1962-11-27,부산시 연수구 92로3
8e4f470a-3790-4419-8154-86737dec9a70,윤미애,남자,38,1985-3-8,광주시 서구 14로69
0e4c6a7b-31bc-47bf-b647-60259d4226a7,김선진,남자,64,1959-8-10,대구시 분당구 13길94
8994ee05-de0b-4976-adef-580e1a46e9c5,이윤경,여자,62,1961-10-23,경기도 성동구 50길22
996174ac-7841-4937-ba2c-6eeaf1cf1b8f,장미애,남자,76,1947-10-25,강원도 북구 6길79
fdbbe30b-7a4f-4cb4-b8a1-126a5f28f5c0,오윤경,남자,65,1958-12-23,경기도 동구 41길22
9ded0177-33dd-42cd-90e8-afc241649b4b,조성진,여자,48,1975-6-21,부산시 서구 90로25
00030729-55c4-41d9-aac1-f8c868e1611e,김선진,여자,55,1968-1-13,대구시 강남구 39길42
4f14a98c-f8ea-4579-8785-c28890a5252f,윤영희,여자,31,1992-7-20,부산시 성북구 81길55
d1bcbf8e-449d-44fd-8f17-8c589454b859,조형섭,남자,66,1957-12-26,대구시 동구 76길49
9702b3e0-ecb1-4be2-a2a4-ba29039207d0,정재은,남자,60,1963-8-16,울산시 연수구 58길42
0c620776-83d7-4aab-8c11-ed9d7bc1d5f5,윤영웅,여자,71,1952-10-2,울산시 부평구 67로20
8e42a47d-0ed7-4537-837f-d9582ba24471,조재은,여자,72,1951-12-10,강원도 북구 40길13
813714e1-de28-4d2d-a2ba-0171826a195f,정형섭,남자,27,1996-1-8,대전시 장안구 54길19
0957fe8c-a689-4a34-a0d2-e1f75d31c06a,강수현,여자,75,1948-12-18,강원도 성북구 58길61
0bdcb831-afa5-41fc-adec-2abb8400525e,오형섭,남자,29,1994-8-20,대전시 성동구 67로69
3b24bf80-1c41-469e-91a2-426a56e27c89,이재은,여자,64,1959-9-17,서울시 연수구 99로89
c2987e96-5da2-452b-ba21-ba499ddf0b48,강성진,남자,82,1941-3-26,서울시 강북구 44로40
5460f121-2697-4941-a87d-2411ab43d6aa,이재은,여자,37,1986-3-13,경상도 부평구 38길60
feb742ea-1f70-47ff-89ea-0b00d8de1002,박미애,남자,42,1981-1-20,부산시 강북구 67로53
ccff61a4-ecaa-4a5f-a8c9-f544d6a2682b,이영희,여자,29,1994-10-24,강원도 성북구 8길28
5d42405e-3f4a-4cae-a60d-02f1a27485a9,이영웅,여자,17,2006-3-7,광주시 강남구 70로37
b01ac452-584c-40f5-af70-cb9560afbc8a,강재은,여자,63,1960-8-7,울산시 분당구 4로51
3d08727a-d6c2-41e9-85da-a3f1391f49be,조재은,남자,73,1950-8-6,부산시 서구 98로52
0c3f831e-eb50-492c-9492-8065fffa3374,오영웅,여자,15,2008-2-19,경기도 연수구 16로49
48b14ec3-7e7c-47a1-ad25-0c78f93719af,이성진,여자,44,1979-5-23,강원도 성북구 13길76
1c13e187-f38e-4c4a-8c81-c593c606e109,윤재은,남자,54,1969-12-16,서울시 성동구 11로77
a86e4c03-2898-4c2f-93f6-2b6d2be47d45,김정미,남자,68,1955-8-1,대전시 성동구 37길22
7e1c8af4-5f09-4321-8336-8b905975c8cd,윤선진,여자,28,1995-5-23,대전시 연수구 55길7
9d137121-1ca3-4034-b0ad-50803f07310e,조성진,남자,30,1993-2-12,경상도 장안구 9로23
8856342d-a7bf-4a6b-9d34-3f4b5ec99805,강재은,남자,67,1956-7-27,인천시 성동구 26로15
8c79f08a-25ed-49dc-a2f4-0d0e01739bc5,박영웅,남자,55,1968-9-13,강원도 강북구 56로33
cfc53b91-bc06-42c3-92c9-abf46872be4d,윤윤경,여자,38,1985-12-4,대구시 강북구 4길92
9df67849-c592-4c6d-bccc-2e52dd31ef8a,김영희,여자,40,1983-5-7,대구시 서구 50길79
2c1fdb1d-f1ab-4f38-8309-eacb8881aad6,오성진,남자,16,2007-5-20,울산시 성동구 26길9
7dd67139-37d3-491d-b2d5-3fc69699816f,최영희,여자,70,1953-6-1,경기도 강남구 50로10
09f1eeb4-e3c1-48e9-932d-556aabd021ce,강수현,여자,39,1984-1-19,서울시 강북구 71길38
2b350159-9a54-43e9-9df7-0f46a63f468e,이재은,여자,63,1960-9-16,대전시 성동구 14길32
6690a0de-5601-474b-8021-d4e430630e81,조재은,여자,77,1946-1-7,서울시 부평구 100길95
c4c8cc3e-c3d2-490c-a954-7ec415064279,이재은,여자,24,1999-5-9,서울시 동구 49로97
d9d1cd4c-1d37-43b1-8825-1ea543d006f9,강철수,여자,22,2001-8-28,서울시 부평구 34로75
b24e1c81-8940-4bae-a2ee-f90d00ed35e0,윤영희,여자,76,1947-9-13,울산시 서구 27로76
c08f2159-c9e7-4015-b40b-0e0c40d3da6e,윤영웅,여자,64,1959-4-19,대전시 동구 35길26
789a5468-82d0-4913-90f4-5161c20e7db0,박재은,여자,46,1977-4-8,대전시 서구 77길50
2997d8dc-a86d-43c2-9c63-b893472591fe,김형섭,남자,69,1954-10-27,인천시 장안구 25로70
764543eb-5a50-4722-94f2-8ebed55ef7f4,박석구,여자,74,1949-2-9,광주시 강남구 86로60
dabb0a68-70e1-4349-bb63-a76ec9e9e9f9,윤철수,남자,20,2003-8-26,울산시 부평구 60길100
d50d40dc-616a-4df8-9010-ad559f2a58bc,조영희,남자,26,1997-10-20,대구시 부평구 40길70
0e60be9d-069e-4d5c-b46e-aa4e15fdadcd,이철수,남자,80,1943-4-18,광주시 부평구 95길78
befd8532-80a0-4c94-882b-7f2642c28a91,윤미애,여자,21,2002-7-12,인천시 강남구 6로27
ddc8a3bf-ad1f-4e21-a3b6-7b68c0639ad4,박수현,남자,52,1971-3-26,강원도 북구 55길19
e8f3de6e-5dd3-4c6d-99fe-4ec89595f949,박성진,남자,20,2003-11-21,울산시 계양구 86로44
18fc9fb1-a447-4efb-b960-59b61ddf44fa,이형섭,여자,57,1966-4-20,인천시 계양구 54길21
8792f787-b617-4d41-9052-7229b3b65acb,정영희,여자,29,1994-7-11,강원도 동구 87길81
dd649be2-c17f-4a24-8c65-f0337c91395d,김형섭,남자,83,1940-10-20,인천시 분당구 96길64
ad97fafa-6162-4e7e-888a-08d893f4db1b,이석구,여자,78,1945-8-5,울산시 북구 67길40
4b2af2be-da21-4c9b-bba3-c369485e7bb1,조철수,여자,76,1947-12-24,대전시 계양구 11길39
e96721d4-8da5-4fcc-82ac-30269203e5c9,정미애,여자,62,1961-2-27,부산시 성북구 16로86
6f340217-8cec-429b-80f9-b28a3403dd71,오재은,남자,80,1943-9-3,서울시 부평구 71로75
d54ef729-3a4a-4b88-b9de-fc89b1f147a0,조형섭,여자,81,1942-5-3,부산시 장안구 3로8
0a8189d4-c8d4-46aa-857b-7c8b44c966d3,정영웅,여자,53,1970-5-7,경상도 강북구 88길83
6bff6ee4-db30-46bf-b27b-b6dc3fb7c67a,조형섭,여자,80,1943-9-17,대구시 연수구 5길4
c76028de-5c93-452e-9253-affa14fa249d,김재은,남자,49,1974-10-13,광주시 성동구 39길86
cef11ca7-5e8a-4c2b-bff1-4fb47ca5f507,이선진,남자,78,1945-4-20,울산시 강북구 55길73
f097cc1d-9543-4dea-8573-c72c3f6761da,이영희,여자,14,2009-4-22,서울시 성북구 25길100
f17193fc-79a4-4668-a99b-33734a21a900,윤영희,남자,46,1977-8-1,울산시 성북구 81로50
13ed7e84-7adb-4814-8d24-07680fc8d289,장영희,남자,41,1982-1-6,인천시 북구 53로55
e10013ac-6417-4fc8-840b-80acf6283242,김영웅,여자,49,1974-9-17,광주시 성북구 17길97
bb19cba8-ddb1-4a12-8bfe-e92b9abdaa44,강재은,남자,45,1978-11-20,울산시 서구 5길66
8124cd82-e2f5-4f24-8d22-6e22c8f6ecd9,오수현,남자,40,1983-2-6,인천시 강북구 67로2
c66fc3b9-0cf1-47c4-bf6f-ccd1e3e50003,조윤경,여자,56,1967-2-9,대전시 연수구 17로39
f0ec8620-0793-4ddd-9051-f3d414f052bd,박선진,여자,82,1941-5-11,광주시 분당구 58로52
5e739aa4-1b58-4813-a41a-3ebf8204b372,정영희,남자,14,2009-1-15,강원도 강남구 8로94
f0721b57-d0eb-492e-8773-59ca1d936050,윤선진,남자,16,2007-4-18,서울시 강남구 56길80
392c8ca1-8f86-46cb-8258-238ec7843db8,박형섭,여자,23,2000-8-22,강원도 강남구 62로10
67592cbe-f4c8-4486-9688-8cad31d315dd,오윤경,여자,27,1996-8-13,경상도 북구 90로95
b5a2f2a2-3208-4673-9977-4aabcb32fc68,이영웅,여자,59,1964-7-24,서울시 서구 10길76
e99556f9-7f95-4f56-9956-e4f062c19345,최영웅,여자,67,1956-2-13,서울시 성북구 7로100
2fff6255-2099-40b1-ac8f-826b29bc4d9a,윤재은,여자,67,1956-2-2,강원도 연수구 96로96
fa097e08-2677-456f-8281-49cb5fa694a5,이선진,여자,37,1986-10-9,대구시 장안구 36로100
6877ccee-ba03-457a-9f07-ebb95eaf4191,윤윤경,남자,17,2006-7-4,강원도 부평구 55로6
3548c27e-295c-4eb8-9749-503f9d032f34,최미애,여자,56,1967-7-7,광주시 부평구 9길84
8ee3b262-36ec-488b-83b5-966ada7bbb05,윤형섭,남자,37,1986-8-23,서울시 동구 4길35
26878099-c7da-4864-9486-6e00587db698,최재은,여자,26,1997-12-21,울산시 강북구 72로44
6cac4950-98c8-4bdd-93df-460edb6c3594,윤영희,남자,74,1949-2-21,인천시 강남구 26길76
fdd6e54e-a95c-4c79-87c3-c8a0dc6a8a2c,김미애,남자,77,1946-12-25,인천시 연수구 58길98
9fade066-8711-43cc-aa2f-01d39fab1feb,조수현,남자,40,1983-6-16,울산시 부평구 95로36
2ee54bd1-5d30-4348-8a97-853207351319,김윤경,남자,24,1999-2-24,인천시 동구 78길92
c79c293a-c7da-454c-9f4f-d68569d46d61,정철수,남자,76,1947-5-26,경기도 장안구 13로86
b57c492d-c953-4b53-96ac-e8ef9fe7d811,이영웅,여자,64,1959-4-4,대구시 강남구 93로57
73152563-9f1c-4a6a-b27a-d454009eff6f,오영웅,여자,18,2005-9-9,대전시 계양구 94길76
c174ccd0-eef8-48b6-8c73-bb27e47e91bb,오선진,남자,22,2001-2-15,대전시 계양구 70길46
c351acad-d308-43d9-aaf3-61df26f082f0,이영희,여자,25,1998-2-21,대전시 부평구 47길4
75b4a3f5-b25f-46b7-b0a8-259a376380fb,박정미,남자,76,1947-7-16,울산시 강남구 95로54
c19eb253-041e-459b-8c37-666fff32c09d,정성진,여자,51,1972-2-26,경상도 연수구 3길16
1af4cfe9-28f2-4225-9b15-d836ea590d43,정영웅,남자,74,1949-1-24,인천시 북구 38길90
a5c1456a-8f00-4722-8b7f-23408f44c676,오수현,여자,83,1940-5-17,인천시 강남구 65로3
e99a8ab6-2fe1-4613-9af8-ba45baed71e8,박선진,여자,35,1988-3-16,대구시 성동구 90길1
6f814a04-75d7-4b6b-a26b-31ca0a72d63a,강석구,여자,75,1948-1-9,대전시 강북구 96길39
0fc94bb7-4470-4195-bc70-00729fc10a1e,이미애,여자,54,1969-11-17,강원도 장안구 96길61
ba906d50-c01c-48dd-b376-e7846bb2e672,오미애,여자,36,1987-3-26,서울시 장안구 31로87
95c78c49-989e-4ad3-95f6-60314225ab35,김성진,여자,59,1964-11-16,울산시 부평구 89길89
bc6d12df-4545-4a4c-a3e0-2e2b68b1e863,조형섭,여자,64,1959-1-16,강원도 장안구 4길56
03c39a45-9335-479f-9e49-dbd3b4bc2fb9,윤미애,여자,39,1984-7-22,강원도 북구 68길34
a3acefa7-cef4-4d50-a910-f2dc5ba4b2a3,정미애,여자,59,1964-10-10,강원도 강남구 80로1
5e520f9e-f024-45fd-8322-b0b17d86959a,윤석구,남자,14,2009-7-22,부산시 성동구 24길49
76c4d00f-200c-469b-89f4-04eae92794db,이석구,남자,24,1999-4-25,서울시 강북구 87길8
d7baea84-cfcc-4046-b957-f9c7d01a7717,이영희,여자,73,1950-11-22,경상도 동구 58로16
af284b36-6fe3-41bd-8edb-7fd17b7bee81,김철수,여자,44,1979-2-11,광주시 분당구 4길53
1c463aac-d473-47e1-8f12-557b322d46da,박정미,여자,23,2000-10-8,강원도 계양구 39로81
46be1061-2bcc-449f-aae7-22cb71a0acae,윤선진,여자,71,1952-10-23,대구시 북구 89길13
73eac9f1-b2f0-40ef-8866-305c2e4504e9,박수현,남자,83,1940-7-12,부산시 분당구 100로9
c4ea4ca4-f117-40b5-bfc5-13b7ecf5d97b,박철수,남자,50,1973-11-1,서울시 장안구 95로11
2829b0f4-58eb-4b9d-9999-deb5649a4a12,최정미,남자,48,1975-5-26,경기도 서구 33로8
25f7436a-48b2-40d9-adfd-8d94cb6e24b6,최윤경,여자,72,1951-1-22,서울시 부평구 60길92
218d0a8b-3657-4e7a-bb44-9239777ebf2c,강석구,여자,82,1941-2-19,경상도 강북구 18길18
a133f92e-dbeb-4134-994e-b313acf16932,김윤경,남자,48,1975-1-28,강원도 서구 30길59
0b6d98f1-9817-41e5-bf78-fd5f478121b5,오미애,남자,41,1982-5-21,인천시 성북구 49길67
d2b9d45f-3391-46ab-85ae-42b49773001e,장성진,여자,66,1957-12-27,부산시 성동구 64길10
fd9ac7e5-d9ef-467f-ac2e-702f47c5ba26,조형섭,여자,52,1971-9-19,경상도 성동구 96길16
a250a1f9-f39c-49d4-afd8-904af50c7c14,최석구,여자,82,1941-1-3,강원도 성동구 56길81
bccfddf9-36d3-4b07-8bbe-2ba7f7f117dd,최재은,여자,37,1986-9-24,울산시 부평구 18로29
b954919d-1a7b-4b6f-a680-dcfd32c7de11,오미애,남자,47,1976-7-25,인천시 성북구 27로83
2546fb80-cb77-407b-b02e-6171d4aab7d0,박정미,여자,72,1951-6-11,울산시 분당구 43로45
8fa7659c-66ce-4939-bf26-ee71078d40b9,조철수,여자,75,1948-11-8,부산시 강남구 5길63
07974852-28df-44c7-8777-af190efcd335,이영웅,여자,79,1944-3-12,경기도 연수구 96로69
f74a3a0f-e6e8-4682-b151-7a5f438a369a,김선진,남자,49,1974-12-19,울산시 부평구 6로72
f9b54ecf-2849-4098-b6e4-78e8d8d02a1b,오윤경,남자,83,1940-7-9,경기도 계양구 85길58
dcf14c42-d854-4d96-808d-17cc2512fb2f,김영웅,남자,59,1964-3-24,경기도 성동구 78로92
469bd150-0a63-4c9e-90fb-af10d0fa57d0,조영희,남자,26,1997-1-26,강원도 계양구 54로21
ee6e90e6-a7d1-4b52-9a3b-dd9c413684d9,최정미,여자,55,1968-12-21,울산시 서구 75로90
4c1bc3d4-912c-48fe-89e4-e52f987ebb8b,윤영희,여자,54,1969-10-9,경기도 분당구 78로32
5ce60c70-37c7-4d9c-8c21-4468f9de5ea3,정영희,남자,17,2006-1-10,광주시 성북구 49로59
29b4faae-dbef-4002-83c2-e57a620dad25,윤석구,남자,69,1954-7-15,대전시 분당구 80길71
0697919a-5922-4f26-bcbe-4202d6cb6346,장영희,여자,55,1968-10-1,경상도 부평구 93로56
170772ae-1a79-4d71-a9b6-2bd6a623e569,강형섭,여자,59,1964-7-3,광주시 강남구 30길13
0e7f03c4-dff8-4878-977b-6e6bcc9ac99f,박철수,남자,24,1999-5-2,서울시 성북구 48길65
8bd2544b-8cea-45c7-b4e5-c8d8f2055124,김철수,남자,74,1949-5-8,경상도 북구 91길20
94fc4172-b345-4739-bae9-c68f337781e7,정영웅,남자,78,1945-9-17,인천시 연수구 82로93
e08e8068-7550-4179-bab1-db71910ad33e,박형섭,여자,29,1994-6-19,대전시 성북구 46로53
9cd7a31b-82b2-44be-99bc-4c67d0e0ba4b,강영웅,남자,14,2009-5-27,경기도 장안구 97길52
0efed33b-8a39-48f7-9f99-1c263a662edf,박수현,여자,20,2003-3-26,대전시 북구 94로97
98797862-3807-4d50-ad21-fcb7ff0c56db,박선진,남자,37,1986-1-22,부산시 장안구 32로64
9cecc5df-7a20-4d93-b364-af82f05f0e16,강윤경,남자,33,1990-11-18,경기도 강남구 16길23
074285a0-5d32-4bcb-a581-52b4470c266e,최수현,여자,15,2008-3-9,서울시 북구 74길14
2045e232-a4da-4a50-a682-4026c48152e8,윤선진,여자,74,1949-7-14,인천시 장안구 11길12
6668eff8-9677-4047-88aa-ec5987f701c1,정형섭,남자,83,1940-2-22,부산시 연수구 54길94
16cbd08b-589f-438e-a6b3-c85b26b3669f,이수현,남자,36,1987-3-11,대구시 성북구 76길93
0c932883-bc73-4475-852f-35b9df30753d,오영희,여자,23,2000-3-26,서울시 연수구 26길25
a32b83bc-bcde-46a9-a5ea-4ebb66900386,김정미,여자,82,1941-8-10,대구시 계양구 84길77
a9cd83b7-7311-45f7-8c05-14710777dc6b,박석구,여자,38,1985-8-16,강원도 계양구 96길98
ae901c2d-7f2e-4fa6-9392-00d4a643cbb2,강석구,여자,49,1974-9-13,울산시 부평구 54길90
498983a6-b1c2-4b87-ad60-595d1b6e39a5,장영희,남자,18,2005-5-25,강원도 연수구 76로4
806f1395-63fd-4526-bf26-f5bff905167b,윤미애,여자,29,1994-6-8,경상도 동구 47로42
c131ac39-73f2-4c7f-bad6-7d1b431f67d3,오영웅,남자,73,1950-12-9,경기도 동구 31길67
3368e8a4-8522-46d2-b469-5fb047d38b42,강영웅,여자,15,2008-6-28,광주시 성동구 36길5
8c5f5331-4122-4550-9099-7adcc8a2b5fc,강철수,남자,59,1964-9-23,울산시 북구 37길85
9c438b68-1013-4ab8-bc9a-ad533f6d3fbc,최형섭,여자,27,1996-2-26,강원도 북구 31길3
b12d7d6c-4fd7-4bfe-9512-f7a01173eb50,이성진,여자,41,1982-9-12,광주시 동구 13길94
62cf20b3-faa3-478e-bbff-93ff6821b99d,강수현,남자,34,1989-3-26,경상도 장안구 28길42
ba0707fd-ca4e-47ed-8780-fc2bdd32523c,장정미,여자,51,1972-4-25,서울시 강남구 27로62
5161a861-7532-40e1-be0b-f7be328c7400,최형섭,여자,78,1945-7-22,인천시 북구 81길58
d10190fd-7a74-4e45-b813-ec387c38a2d8,장철수,여자,64,1959-1-3,경상도 성북구 40길26
38425587-9108-475c-af1b-9b8d585c949b,정정미,남자,69,1954-2-8,서울시 연수구 83길33
8e9d3abf-e739-44ec-9d52-bcb221965ccc,최형섭,여자,74,1949-12-15,대전시 성북구 37로7
97e558a0-34e4-496e-8715-8e3867a7e372,조수현,여자,24,1999-6-22,경상도 강북구 55로65
fc289892-aa6b-4462-a9dc-fe7a91d2ac9a,정형섭,여자,67,1956-1-2,경기도 계양구 88길74
44f4c8c7-ce70-4124-a518-d4855abf3a79,오철수,여자,75,1948-1-22,서울시 강남구 57로56
63c3699f-a926-473a-b524-0d26f8e85e8c,윤선진,여자,61,1962-2-8,서울시 계양구 9길92
8a6ec90c-306c-42aa-bfce-f15add4bb9f7,이수현,남자,28,1995-3-12,인천시 성북구 31로29
55ae6330-b122-4002-878b-ea455bbbd71e,박영웅,남자,32,1991-1-15,부산시 서구 55길93
090f7769-34e9-475e-8ab7-122c7eedc903,최선진,남자,43,1980-5-4,경기도 분당구 72길58
c24bb6bc-fee3-473d-a88f-a0d0f54d48bd,조영웅,남자,55,1968-4-26,경기도 동구 31로13
fcd874d2-faa1-441a-b6ed-1adf19f46f8f,장윤경,여자,21,2002-4-9,광주시 장안구 32로79
8f5c1785-53d9-40e1-a6a6-f3b09b78f56f,오성진,여자,62,1961-3-28,울산시 장안구 68로78
e933c465-7e21-4c5b-a256-7399e167c64c,이윤경,남자,73,1950-2-21,인천시 북구 63길83
ef3ed8d6-a98a-4192-a1be-6f19bcec4853,조형섭,여자,37,1986-9-28,강원도 장안구 44로20
2558d4cc-619d-4838-a662-96b77b79d417,김선진,여자,48,1975-4-16,광주시 성동구 35로85
efd91733-66af-4c61-a0f0-5df5907aa216,장형섭,여자,34,1989-11-14,강원도 장안구 45길70
78ea09eb-a282-4a90-8ac0-46cb6fbd0e45,박재은,남자,78,1945-11-23,경기도 계양구 41로67
0e3f8750-a36d-4b09-89b4-95b2d1d916c3,최윤경,여자,60,1963-2-5,대전시 장안구 90길16
0e60f689-efcd-4d89-ba65-7d76e19c9be1,최영희,남자,19,2004-3-15,강원도 분당구 46로86
5c3e9378-4c38-47b8-996e-4aea829c3995,이재은,남자,23,2000-8-20,인천시 성북구 48로4
cf504302-57ae-4731-9124-f443fd20943f,이성진,남자,36,1987-2-11,광주시 강남구 86로60
d253305a-a38e-49c8-bd0c-f4af43077008,윤수현,여자,73,1950-8-16,대전시 강남구 59길82
6b202027-d35b-4913-a6c4-0df34775c07d,오철수,남자,49,1974-7-6,강원도 계양구 39로30
36ddf619-b584-4216-b9d5-54803576b452,박정미,남자,39,1984-7-4,인천시 성동구 40길30
a832ae24-ef23-4c9b-af27-abfeba719c6a,정정미,남자,79,1944-2-16,강원도 북구 41길65
84402cee-4ee9-4170-8caf-51eec51cbdc2,오영웅,남자,23,2000-7-17,부산시 강북구 68길88
44bbfcd3-84a9-498b-b87c-087fe8ed22da,이정미,여자,74,1949-3-20,서울시 성동구 49로72
d13b6251-9129-4226-9e6d-1749959148c4,윤성진,여자,67,1956-7-17,경기도 동구 74길98
4e956e96-e77a-4da9-90ba-f0893d5a15e4,김수현,남자,66,1957-3-2,대전시 성동구 61로86
cc3aff56-56a7-499c-8c3d-9bf75c483ae7,정수현,남자,79,1944-9-11,경기도 성동구 33로58
14f1feab-5ecd-4330-adab-21a479b8e615,박윤경,여자,38,1985-8-16,울산시 강북구 20길50
2b8b193a-9023-4002-bd23-7dc8eabeaed9,박윤경,남자,56,1967-10-10,대구시 계양구 47로12
fdfa81ad-4f94-4188-9850-f808a4ded534,조재은,남자,22,2001-7-20,부산시 강남구 14길29
b7aa86ce-5e7b-4728-86e6-c8ff6873f18d,강수현,여자,58,1965-8-26,인천시 강남구 8로5
e269e248-2b67-499d-b0e0-56dbfbef0f88,이철수,여자,48,1975-10-28,대구시 계양구 15길79
fa9f5599-2cce-4f72-990c-7607ee0ae96d,오성진,여자,62,1961-5-25,경상도 계양구 31로90
fbd37b08-a3cc-4f67-b386-456cade2d75b,정수현,여자,21,2002-2-22,서울시 강남구 43길3
024eb4a5-09c5-4185-a031-4b9c6ba698bd,강수현,여자,63,1960-12-16,대구시 서구 34로66
df89121a-6ad4-49ce-9149-68e0908ba1c2,장성진,남자,73,1950-6-15,경기도 장안구 42로12
7aa487d2-68d2-4cdb-94f3-83f6d9c967ed,강철수,남자,44,1979-12-14,강원도 계양구 93길74
0d26a2b1-5d66-4622-b5c3-8f9eabdb824c,조철수,남자,55,1968-4-3,부산시 연수구 2로9
eec19af3-fc18-443e-aa8a-fcf11da2fb3d,조윤경,여자,57,1966-8-16,대구시 부평구 24길89
b92b9d92-a196-48cc-ba48-78b96d075dda,오성진,여자,48,1975-12-10,울산시 강북구 85로5
b0c58413-4000-4be0-b90b-d33da8e52758,강영희,여자,72,1951-2-3,서울시 강남구 32길50
c991887c-727d-4410-a1f0-68f5394afb9a,정성진,남자,71,1952-11-26,광주시 성동구 59로34
28938b72-98d5-4b4a-a7d6-260c76dbb8fb,강재은,남자,54,1969-7-7,인천시 성동구 65로54
538c9e56-2521-48ff-8c2c-e8b304020409,오수현,남자,71,1952-12-22,강원도 서구 80길13
59f37b68-588a-4a90-9b3f-79e055da656b,정재은,여자,79,1944-1-6,인천시 분당구 41로45
45f448bd-d68b-425b-b2d8-64745acbee20,장철수,남자,45,1978-2-15,경기도 분당구 48길72
a5ca34a9-e9c7-4aad-a31f-16d35fd21bb5,김윤경,여자,58,1965-9-21,부산시 서구 58길47
7f4c380c-df87-4332-8ec2-cad970be00f1,강영웅,남자,34,1989-1-14,경상도 연수구 28로89
fff8f22c-c855-4c9e-adcf-2aa6cdfdd185,박윤경,여자,36,1987-12-19,인천시 서구 94길14
e084b430-a58a-4bd7-837b-5624f08cef42,최영웅,남자,16,2007-6-26,대구시 강북구 44로61
b8342f78-6610-4780-a802-2e6875c89baf,최영희,남자,70,1953-4-12,경기도 계양구 94로17
b8909498-216e-4913-a567-b47434523a79,강정미,남자,44,1979-5-5,광주시 강북구 78로43
e75f6d17-c8b5-4ad3-8a61-08379f54a19f,박석구,남자,77,1946-2-22,서울시 강남구 86길79
e484609b-5d30-4122-afd6-1a6d2a3ea31c,장선진,남자,67,1956-10-25,부산시 연수구 48로20
25f24755-e916-44b5-afe7-efd43b83c573,최영웅,여자,70,1953-9-9,대구시 성동구 56로17
8dda5440-2b01-4c99-b642-7fcfd4a7e2b3,박윤경,여자,42,1981-10-22,대전시 북구 86로44
bd8df2df-814a-42db-ba77-02b7dfe83d18,오철수,남자,25,1998-12-24,부산시 동구 28길50
0764cbb0-baa7-486a-84fc-0da9e5f04f11,정영희,남자,43,1980-6-21,경상도 부평구 17길83
78c7d84a-5d49-438f-8b2b-0dc0def0aa59,최석구,남자,83,1940-1-23,광주시 부평구 27길75
5174a759-a7a1-4bfa-9b68-3b31459da7db,오성진,남자,20,2003-1-4,울산시 계양구 48길54
4b45f718-c6d5-4a3c-a998-302b0c98985e,강석구,여자,72,1951-12-2,대전시 서구 32길24
eb88279f-c447-453e-b140-50e1de47ea19,윤형섭,여자,51,1972-2-12,대전시 분당구 26길90
58979ead-6b6f-49f0-91ed-403161a7fa5f,박영웅,여자,21,2002-4-20,경기도 계양구 51로32
6999f23e-c05c-47cb-b000-25ee8a280a83,조성진,남자,22,2001-3-4,서울시 서구 57로16
12734aa9-4343-4a21-90d1-69c0d8823ad0,오석구,남자,66,1957-10-11,대전시 성북구 83길12
097d31b4-42bd-4331-a275-78dbc5981716,박철수,여자,27,1996-6-1,강원도 계양구 99로46
3e17fe4e-e0a6-4f60-8c35-16e3dc8ad87f,최석구,여자,38,1985-5-17,강원도 계양구 18길81
2299742c-0499-4a20-aefc-9cc0f1a2929b,장석구,남자,52,1971-5-9,울산시 분당구 8길84
0c2e5d63-e0fb-4f75-b05b-1ae1ed1f8842,최형섭,여자,50,1973-2-7,부산시 강북구 42로47
aa5f6749-f275-4705-bdab-1c9538aeacee,오윤경,여자,69,1954-7-22,경기도 부평구 9로97
b59dc2a2-809b-493c-bbb1-5057005314d2,장정미,여자,57,1966-6-15,대전시 부평구 89로53
ff1c1c37-8488-451f-a611-b3bde34c622f,오철수,남자,26,1997-8-5,인천시 장안구 24길66
c4b75042-6520-4c14-8e16-5521876c6b9b,강영웅,남자,50,1973-6-9,부산시 성북구 74로31
e79f221e-9503-4fc7-a628-f69d26807580,박성진,남자,37,1986-6-3,대전시 성북구 92길33
4a45debb-6d16-499f-a9ab-3faea8d64c43,강재은,남자,15,2008-12-8,울산시 강남구 76로62
3c65ac14-6f5d-4ce6-ab8c-96da9805c075,오윤경,남자,28,1995-2-24,강원도 강남구 39길57
88e00d4b-cf50-4450-8c7d-667865475053,오윤경,남자,82,1941-2-27,서울시 장안구 86길80
bcb2b7b7-2c54-4313-9444-501976808fce,강윤경,남자,18,2005-9-8,대전시 강북구 83로71
67defaba-2511-4000-b34d-bb5d54163e24,김석구,남자,75,1948-8-21,울산시 분당구 33길82
6e301d69-a0cc-40e1-962a-e464f4e1023b,이재은,남자,29,1994-7-18,울산시 분당구 3길15
ca9b1caa-718a-4700-88de-0847197c0d16,박철수,남자,15,2008-11-13,광주시 연수구 63로70
038988ba-b507-462f-bdf2-e948951ab415,강수현,남자,49,1974-3-4,강원도 장안구 22로83
a894baef-e813-43db-845b-74600d93cc8c,박선진,남자,56,1967-1-8,강원도 부평구 57길60
6a26de04-2689-4a96-8470-6b1641b33f75,이영희,남자,48,1975-6-17,울산시 성동구 36로59
d13bee63-d511-410b-bc48-7630af6d5cc0,박영웅,여자,28,1995-6-17,경기도 부평구 43길37
7986c631-80b3-4299-ba1d-efb3379ee4ab,강선진,남자,75,1948-8-15,울산시 성동구 14로51
ae838032-b1c0-4261-8b63-9ac02e661ace,이성진,남자,29,1994-11-28,부산시 동구 23길82
29a07cbf-b69c-4654-acad-c8caff348233,강미애,여자,43,1980-6-1,서울시 성동구 57로52
44663492-6bfc-45fb-8737-21d4ddefd461,윤선진,남자,49,1974-3-12,강원도 서구 40길61
10155698-b5ea-4c2a-ac7e-1b0deb5de1e3,강형섭,남자,18,2005-6-7,서울시 분당구 91길84
bf79ded8-a74e-4479-bced-8ff5e28db2f2,정수현,여자,56,1967-10-24,대구시 동구 25로80
132894d4-9081-43f3-87eb-15b745bf9806,조윤경,여자,55,1968-7-8,인천시 부평구 32로91
82b24629-864f-4631-8898-aef6f82ec033,이형섭,여자,26,1997-5-4,광주시 북구 32로75
16942dcb-8e69-46b7-b6bd-76fbae4404c3,박형섭,남자,80,1943-12-1,경기도 연수구 45로60
0ad46ac6-2a2d-452d-9550-d1ea9931f239,윤재은,남자,14,2009-10-2,부산시 성북구 100로16
7a5d01c4-d79c-4bf9-a60c-bbd7a3bf1cb8,최철수,여자,75,1948-6-2,울산시 부평구 87로50
ec7362af-9b9a-4c64-a0c8-a8807293bf71,윤영웅,남자,71,1952-8-4,대구시 성동구 46길51
85cc7c8b-c3f5-4ec5-acc3-da6a5fb1153e,장미애,남자,48,1975-4-28,인천시 부평구 46로18
df9ee230-7c24-47a1-aa36-a5f62da8af6f,최석구,남자,39,1984-3-2,광주시 강북구 51길77
df3286ce-c7b4-4ed3-82c4-032f9a07849a,윤철수,여자,28,1995-4-6,울산시 부평구 71로18
5fd9b156-4b28-4b72-acd8-69574dc2e178,오윤경,남자,36,1987-8-26,울산시 성동구 35로53
e94a761a-1999-4b06-b66c-801bd218bb53,이영웅,남자,26,1997-2-4,울산시 동구 33길23
e367b2ec-17a3-4fa4-82b7-c9a37ef5a70a,김석구,남자,80,1943-8-1,경기도 연수구 35길85
937424c1-0f3e-4d89-ba80-f65a622bb9ec,오재은,남자,61,1962-2-4,부산시 계양구 88로47
0b0b85be-30f8-49d6-a69d-095dd7f36053,조미애,남자,36,1987-9-2,서울시 동구 1로59
c0e72afa-1dd2-43fd-b485-eff9627e4e39,장재은,여자,26,1997-7-23,강원도 성북구 79로42
cfaad9cc-0968-487a-b491-5bf9652f4e68,이재은,남자,68,1955-4-13,부산시 부평구 5로89
32d823f4-1ecb-4ee0-8127-f51c624c4f68,오영희,남자,15,2008-11-24,울산시 분당구 40길74
20591081-fdfa-45cf-991e-9e7d74f5831e,박수현,남자,25,1998-10-28,인천시 분당구 87길92
d154745e-8a4f-4ea3-979f-fec29e0c0e06,강철수,여자,33,1990-3-23,경기도 성북구 17길16
b8cdea0f-c87c-4174-bea1-779fdd349061,이수현,남자,71,1952-6-4,경상도 북구 17길99
95512aca-84cd-42d3-aa44-0c87f1a91066,오철수,여자,73,1950-7-28,대구시 강북구 90로1
b49092bc-5ed7-4779-93d2-3e5a8097c6e3,최재은,남자,26,1997-7-28,부산시 성동구 74길33
432eb6d6-10b5-4fab-ae86-8392ce09bd50,윤성진,여자,60,1963-9-24,대구시 계양구 74길2
c5e901f0-6327-4756-a94b-654a11b7b762,장석구,남자,48,1975-7-14,대전시 장안구 45로67
2fe21dba-69b5-4235-a650-8ad16769c91a,오윤경,여자,43,1980-4-2,울산시 서구 38로6
81984da0-4da2-4bad-851c-544140ea8fa6,정정미,남자,45,1978-1-28,경상도 분당구 9길11
d98f7fa5-8043-4bf8-bc89-33ae633f8c65,박영희,여자,80,1943-7-24,인천시 성북구 37길79
02405a02-62d6-4c05-bc87-59be11ea5cf5,박재은,남자,44,1979-2-14,부산시 장안구 31로15
648fc778-8cf8-4f4a-a7cd-dc91749886e3,조영웅,남자,16,2007-4-18,강원도 장안구 36로42
1b0a9d44-60b9-4827-8edd-5089e08b6a25,박성진,남자,15,2008-4-9,부산시 성북구 4길40
3acb4283-34af-4aa0-a248-a6df4a2e8f41,윤형섭,남자,20,2003-10-10,울산시 서구 80길73
1ecb00fb-d293-435d-9067-b5a6ffac934d,윤선진,여자,21,2002-3-11,대전시 강남구 21로65
04e15bfd-5e44-4afd-98bc-1767ac884f01,이성진,여자,58,1965-10-6,경기도 서구 57길15
f452bd2a-3f42-4872-9e68-8738814e3ba2,이수현,남자,71,1952-2-14,경상도 분당구 2로64
0f149fdc-4365-40ab-bb7c-6a7ee74c2ad9,김형섭,여자,15,2008-5-21,대전시 서구 57로90
c3cd5eef-8c87-4296-b4ab-441ca072f58b,윤영희,여자,56,1967-3-21,경상도 부평구 70로10
d4319a11-f479-450c-a8b7-cb9c4d07f895,최정미,여자,30,1993-9-7,대구시 북구 39길42
1e88ea4b-8b9f-4e11-af4f-a91eeb97f1e2,김형섭,여자,44,1979-7-7,서울시 부평구 83길53
0c77b978-7cfa-4a7c-843f-35678a1e3b81,이성진,여자,27,1996-6-18,서울시 서구 65길72
249d5287-a301-427c-a04e-9f15c65b8a51,장철수,남자,24,1999-8-13,인천시 강북구 5로63
e77f23ea-c3f2-4b5e-b218-3df1ef0c37ef,장영웅,남자,60,1963-2-1,울산시 서구 53길2
288a6681-2b2d-4b01-bac5-c5becef5fef1,강철수,남자,75,1948-9-25,부산시 장안구 76길80
559fd6f4-466d-4300-b27c-1d8937600411,최수현,남자,76,1947-2-14,울산시 성북구 44로95
a6354b4e-78e0-41da-8074-31a234621160,윤영웅,여자,50,1973-3-1,경상도 강남구 83로30
a5151cf6-d0cc-4f68-ad29-670fdb62fab3,이미애,여자,74,1949-2-28,경기도 계양구 91길7
a6e14158-6598-444a-a491-7b6d49ac1934,최정미,여자,44,1979-2-17,울산시 계양구 7로49
5e450bd3-be33-4100-ba2b-a54854e6711d,조재은,남자,73,1950-9-13,강원도 연수구 100길78
cc05cf61-c2ec-4edd-84bd-6f23010de3e4,장철수,남자,71,1952-6-7,부산시 분당구 57로54
413f3bb9-4a33-462d-aa6b-d7b61c7b7f85,이성진,남자,72,1951-4-25,울산시 동구 16로63
75da0cc4-be76-425a-a624-4a8ff468a364,장석구,남자,16,2007-12-2,대구시 장안구 45로99
6760c28b-6403-4b89-80a9-6338fb6d7b73,김성진,남자,41,1982-12-9,대전시 강북구 19길11
bdc381ca-7961-4922-8d79-edc3f430fa35,박재은,남자,18,2005-2-9,강원도 계양구 30길50
160183f5-e8b8-426c-88de-7991a3cadc61,윤영웅,남자,55,1968-10-20,울산시 계양구 76로1
0afdf339-a0d7-4a28-ab55-e91a7ee2d17c,윤수현,남자,20,2003-8-15,인천시 성동구 1로79
a84e551b-7412-48bd-8b3b-1869685805aa,조선진,남자,29,1994-3-8,광주시 성동구 40길16
051ec2f3-e66d-434b-b41a-2d54530d0965,조재은,여자,66,1957-8-14,울산시 부평구 69로97
d1cf28da-38b5-40b3-92e2-a4c13b803193,강미애,여자,50,1973-6-15,서울시 분당구 45길12
0972edb7-0084-408c-afd9-c53a6902fa3f,윤정미,남자,77,1946-3-16,경기도 서구 34로79
860b7882-fcd9-43cf-afcf-97508d295165,윤선진,여자,45,1978-10-15,대구시 북구 77로29
8d5cc49b-0d3d-4e35-a8e0-c91409e5ae68,김재은,여자,76,1947-7-7,부산시 부평구 2로69
24e264b1-6020-4792-b058-0f5bf4765c83,최영웅,여자,24,1999-1-2,경기도 성북구 95길87
ec05f064-94b3-4a35-ba2c-5a4ac6fae800,김미애,남자,31,1992-7-11,울산시 계양구 94로54
19995123-4bbf-4654-a917-93c6caffa2da,조형섭,여자,55,1968-9-24,부산시 계양구 55길26
9a8b0a00-966c-4f49-bf04-886343828006,장선진,여자,57,1966-6-5,대구시 성북구 1로26
ccf551f4-b063-443e-8ac4-55215d8a247a,장영희,여자,55,1968-5-26,부산시 분당구 72로61
0246bfd9-caef-4fd0-b412-a4a4eca29683,오석구,남자,26,1997-4-10,울산시 서구 23로58
4e4c4aa1-0f46-4d9f-ab75-436e00b3285f,장석구,남자,31,1992-5-4,경상도 북구 34로39
d97fc4e7-ceee-48f7-a8ca-e9007c588ac1,장재은,여자,27,1996-5-23,인천시 동구 97로6
bbd30047-f697-49fe-a331-e25ebb7ae7a5,김영희,여자,31,1992-9-26,경상도 북구 82길94
73d63e82-3bf2-474a-833e-457497fa2945,박형섭,여자,80,1943-8-11,서울시 서구 21길2
2e04c50b-6cdd-41c7-a644-fade18abf094,김재은,여자,34,1989-3-21,강원도 강북구 56로67
d8678617-6492-43e8-8e96-1c8afadb2aa5,강철수,남자,50,1973-12-16,강원도 북구 32로23
292951fc-8f8b-41dd-ba6f-d1c921552029,이영희,여자,15,2008-6-28,인천시 동구 56로36
9bd16b7f-7d3d-4e89-ac03-fc0c3acc68a3,박영희,여자,33,1990-10-16,광주시 강남구 49길97
139490be-7786-4b06-88f7-2e5418eb2754,장미애,여자,28,1995-5-2,강원도 강남구 65로66
d8d35d2e-d31e-49e3-a453-82bef6a29cea,박성진,여자,77,1946-6-20,광주시 강북구 90로79
7b19700f-cb7c-4302-a98f-7b0ebe7697b8,김영웅,여자,76,1947-1-22,울산시 분당구 35로28
b9655c4e-44f6-43db-86df-2d08bac8b7b4,조선진,남자,75,1948-5-7,서울시 강남구 14길95
de98b406-3185-405e-9782-0bd69d588d74,강영웅,여자,62,1961-12-2,인천시 강남구 51길33
d501c28a-2050-4ec7-8bf1-3376184603ae,최석구,여자,66,1957-2-27,대구시 성북구 12로35
92598e6c-498d-4d07-83f5-85a6b4cec47b,장철수,여자,72,1951-6-19,대구시 분당구 15로79
af5c7194-c388-404b-87c1-ab64772bf7f6,오영희,여자,48,1975-10-7,대전시 분당구 25길43
efdcf2ca-4ec0-45f9-85b2-85cb25652a8a,조성진,여자,33,1990-11-16,인천시 강남구 74로52
42e084ea-f8dc-4343-988e-97a28f67ebd8,최정미,여자,38,1985-11-17,인천시 강남구 90로88
d9fc379f-b503-4755-9f97-b00cb4206afe,장영희,남자,48,1975-9-15,광주시 연수구 36로97
b7b432cb-8a66-472a-bcd8-6fc6af496749,오형섭,여자,35,1988-6-1,대구시 성동구 65로42
08016ada-ed3c-43fc-911d-af53b49ee4b6,장석구,남자,82,1941-1-12,인천시 부평구 51로17
ae763f3a-4417-4d46-8bf7-b998ff8dfa40,강성진,여자,50,1973-12-12,대구시 서구 38길46
63a2edc5-232b-4bc4-bda2-e21039d16206,장수현,남자,26,1997-12-25,울산시 서구 76길64
c70df0c0-638f-467c-885c-2280e6801fc0,강석구,남자,56,1967-6-4,부산시 서구 17길8
a5d0631c-43ee-4dd8-a7e4-66ac82f549eb,김영희,남자,54,1969-9-9,인천시 분당구 87길51
94d9fca2-f910-49c4-a978-f9686d155e23,윤미애,남자,48,1975-2-5,광주시 강북구 12로10
70d2efe9-1b22-452a-b9d8-ee9905c0347c,윤석구,남자,73,1950-9-11,대구시 연수구 25로56
e1ad559d-c668-49fa-a732-b3266bf91ce1,김미애,남자,63,1960-9-2,경기도 장안구 46길48
649c9ef5-1a6e-4cd9-8337-3915f6d74c71,오석구,여자,52,1971-5-14,대전시 성북구 30길94
fabe46f4-0802-4bec-8c78-40b4c354f12a,이미애,남자,21,2002-12-21,대전시 장안구 46로94
ce3245db-3702-4ba0-8713-cc0d53dbe746,강형섭,남자,49,1974-1-28,경기도 장안구 87로76
8c2704c5-dfa3-4366-9b2c-b0cd10eba816,강형섭,여자,65,1958-3-5,부산시 계양구 93로12
a6a40853-09eb-46ec-91bd-c5e58976a28d,이영웅,남자,60,1963-9-24,대전시 부평구 61로88
e3e46ce4-7c13-4cd8-b2fc-a33f0b5d9289,오미애,여자,81,1942-11-27,울산시 연수구 34길16
1dfb3082-f649-4fbe-a396-cece965fbe68,조미애,남자,30,1993-2-17,경기도 분당구 67길5
1f0e609e-42d1-499c-81c6-10e7e85d00f3,장영희,남자,70,1953-2-5,강원도 서구 100로49
861c2fd1-b7ba-4f8a-b889-5a35584e6a17,윤정미,남자,24,1999-7-3,서울시 성동구 82길89
9aa97dac-2d82-430d-a381-3ff6324875ff,박수현,남자,38,1985-12-6,광주시 분당구 18로8
648b98fb-a851-44dd-b7cc-67ef3962d7e0,오영희,남자,34,1989-3-16,강원도 성동구 77로77
5919fb68-c0de-4297-8b15-3e7f8efc9952,강형섭,남자,24,1999-11-15,울산시 동구 49로29
ff10208d-6de8-4ac1-b39f-2175d650ef73,정재은,여자,41,1982-4-22,경기도 성동구 33길88
88f6bed7-b5e7-4800-b244-bf284fe765be,강성진,여자,19,2004-3-9,인천시 분당구 9길19
618a2eed-2fc5-439f-83da-757563537085,최재은,남자,55,1968-8-11,서울시 성동구 78길87
8b1b2e6a-0119-4c16-9f16-4bb35bce6e27,윤수현,남자,18,2005-1-19,대구시 성동구 24로76
6ddab42d-b043-4cf3-8c89-9d5fbf746d34,이영희,여자,81,1942-9-28,부산시 장안구 13길60
999ad6c6-f39c-4682-90e9-2d56b78db5cd,강재은,여자,74,1949-7-3,대구시 분당구 52로47
80beaff4-1f75-480d-ac0e-9b648f344d7e,강윤경,여자,19,2004-11-19,대전시 강북구 54로73
90856ac8-a45d-4d64-9bfe-189c32f6d458,최영웅,여자,29,1994-7-17,경기도 연수구 28로30
127c643f-7af0-4a31-8ed2-809cbcfb5c50,장정미,남자,29,1994-4-16,경상도 계양구 33길98
85688857-3ba2-4b99-908e-c8806a519788,이형섭,남자,23,2000-2-1,대구시 성동구 2길30
bfac966b-1c25-4228-b69e-316b2c158fe2,박윤경,남자,17,2006-9-13,부산시 북구 53길84
e5c6a495-97f1-4e81-88ca-1bffb6e65390,장영웅,여자,71,1952-11-13,인천시 강북구 88길47
76af6a18-13e9-4aa0-bc8e-5c3fd62b7d46,오철수,여자,81,1942-1-22,부산시 강북구 49길41
0027ad15-36b5-41bc-8398-7769ca60ca38,윤영웅,남자,57,1966-11-10,경기도 서구 15길76
6662ab38-2bb4-4a32-aa6d-b55a5b3bce60,박선진,여자,80,1943-11-24,대전시 성동구 4로98
f5ca945c-2a8e-4a11-889d-b3ba9115dab5,강영웅,여자,59,1964-1-1,광주시 성동구 97길34
283ce3d6-c8bb-4762-85a3-c4ca44c93ebd,이재은,여자,81,1942-11-24,대전시 동구 48길48
f8e8537f-531e-4d23-905b-95e80fdf3d56,박정미,여자,33,1990-4-23,경기도 장안구 73로21
a13df589-83c7-4ec4-9a2c-846da7e22d55,박윤경,여자,52,1971-8-28,대전시 동구 74로1
edd21ab7-9cbd-4a86-a8b5-0efa4c8204ac,박영희,여자,66,1957-5-19,경기도 강남구 66로87
92a8da64-fe7d-4c59-9594-6692e269f85d,조성진,여자,75,1948-10-22,광주시 서구 56로69
b84f5830-4684-4089-9c64-9bcc3ac683c7,김석구,남자,60,1963-9-6,경상도 성동구 8로14
30335040-4f61-4c6f-8c64-a54b9feb245c,장영웅,남자,27,1996-12-12,광주시 강남구 91길30
137cb158-2799-45be-89d8-87ca117b1732,윤형섭,남자,28,1995-2-13,강원도 성동구 63로34
456fafd0-e1e9-44bc-a258-7d86b76d3c32,조석구,여자,14,2009-6-25,경기도 계양구 70로52
55250995-3dcf-47ef-ab5f-ee88568443f7,이윤경,남자,71,1952-3-9,인천시 성동구 53로38
26150aed-3bd8-4ae9-b4cc-e5bde9f3a2e9,조형섭,여자,73,1950-11-22,울산시 연수구 74길38
e3de466e-7d8d-45d5-b026-698c9c56aafb,강형섭,여자,45,1978-7-24,경기도 분당구 86로34
0840a9a0-913b-47cf-beb1-136ff289f6d3,강재은,여자,23,2000-2-22,대전시 북구 83길74
69744656-91bd-4392-a5e2-94b9d04007fb,박영희,남자,29,1994-2-9,경기도 성북구 46로50
887bcb2d-c69e-4c11-a709-5163345a2ef8,윤석구,남자,28,1995-12-2,대전시 강남구 53로92
3db52782-348a-4376-9e07-8b67f3696d8b,윤영희,남자,43,1980-4-15,광주시 성동구 57길35
78179a5b-d745-44d4-b2b6-c1ffa034cda7,최정미,여자,68,1955-5-1,광주시 계양구 37로53
c72e0fe1-0105-4d0b-abf5-27bc1289a356,박수현,여자,32,1991-8-8,서울시 부평구 21로20
ac107ab3-c9b3-4cf9-b6d3-5b4898d1aeda,강형섭,남자,37,1986-3-24,부산시 성북구 5길34
3b065e41-cad4-4289-a8a7-b10b4e8db2ca,이정미,남자,44,1979-6-11,광주시 성동구 26로74
2727fcdd-6244-4eb5-8ec9-1d517a9f8584,이재은,여자,58,1965-1-1,부산시 부평구 63로45
4b2895e5-6a1d-437e-95af-7b9417489348,박정미,남자,39,1984-2-7,대구시 연수구 28길96
ecc0fb0d-02f1-4a11-83ba-3aa88ab32f10,이정미,남자,49,1974-8-26,울산시 북구 85길61
0bf67ab1-3a76-427b-b8c6-debbbbe51b0e,김정미,여자,42,1981-9-23,광주시 장안구 55길10
73d50b28-3d1a-42a7-aad5-7332ddbde205,김성진,여자,69,1954-1-19,대전시 부평구 66로17
74c87fda-6148-43ed-89f8-59fd81e567a8,장철수,여자,45,1978-8-11,경기도 강남구 27길57
6db2f358-86a3-4d78-9132-cbf802f9f1c5,최정미,남자,40,1983-12-10,광주시 부평구 9길71
d9f34a88-2937-4638-ab61-141119fad19a,최윤경,여자,17,2006-8-21,대구시 강북구 30로89
551aa09f-d79a-4ba0-9424-8cf00189434a,최선진,여자,39,1984-2-23,대전시 강북구 100로49
4c7119e9-df8f-46c6-8b73-b952c2a62140,정미애,여자,55,1968-4-20,경상도 장안구 46로85
8fa2c0a2-9a79-4f03-b4c8-e35e96164669,정미애,남자,32,1991-5-5,광주시 강남구 63길46
8ec5bb14-1eb6-47cf-a608-a791bc8fa5df,조형섭,여자,31,1992-7-24,대구시 연수구 93로43
4f9cee45-64c5-4954-a6e6-bc418630c0af,오형섭,남자,70,1953-4-6,부산시 장안구 95로93
bf2de0d8-0fa9-42f0-81a2-42c5107cccad,조형섭,여자,57,1966-5-20,경기도 성북구 31길52
9b75943c-0844-4a12-821c-0e33817e69a2,조수현,남자,60,1963-4-2,인천시 계양구 79로11
0695b024-e6ed-4aa9-847a-397839fb41be,김정미,여자,72,1951-2-10,울산시 서구 16길34
07535a63-4323-4048-a9ed-b2f3a6e35e3a,김윤경,남자,62,1961-10-22,서울시 북구 73길42
803dd26b-2eeb-43cb-afce-dceaa62b1543,조재은,여자,40,1983-2-18,대구시 강북구 59길61
9a4e9b13-87e3-4e6c-b276-c83c0483a3e5,조재은,남자,44,1979-9-21,대구시 부평구 78길70
88a6d46b-c321-428d-9756-c0a29baebd0d,오철수,남자,35,1988-11-11,광주시 분당구 7길76
629a3e39-3228-404c-9f14-8ebeb1f6a3e7,이영웅,남자,37,1986-6-11,인천시 계양구 91길50
cf967d99-a06c-48b4-8146-fc98a4b2af34,박철수,남자,65,1958-1-9,부산시 장안구 8길97
d1ffe283-d112-4d24-82b2-a408bd48f2da,강철수,여자,27,1996-6-20,울산시 장안구 43길5
a729a16e-f612-4728-a0fd-e5f458bbf2c1,박철수,남자,20,2003-3-18,경기도 성동구 11로68
9b82cdb8-0a14-4274-addb-6a6effa43b0c,김선진,남자,31,1992-8-16,경기도 성동구 1로22
adfdf98b-870d-4037-9df0-89e80b532883,박윤경,남자,82,1941-1-21,대전시 성북구 69길40
5a646388-5295-4cc5-9803-20f4f5344479,강미애,남자,82,1941-11-27,울산시 부평구 38로85
3f36c9f4-83e5-47ad-89ab-27528b404d52,조철수,여자,73,1950-12-7,서울시 강북구 52로67
c2dea75e-2347-4043-8d48-b1015e0e8e03,강윤경,여자,74,1949-5-20,대구시 성북구 30길46
6c3aa470-f7a6-4cad-837d-1373e4963a1d,박성진,남자,39,1984-6-17,광주시 부평구 10길15
e1e1ba97-99bd-48b4-a82d-90618bd92e9d,최석구,남자,17,2006-1-24,강원도 장안구 10길22
fcfafee3-ad14-4448-a95e-837f36d329a6,박영웅,여자,54,1969-1-24,광주시 장안구 52길44
47a07b09-d13b-454a-bf81-1ffb10148805,박영희,여자,73,1950-3-8,경기도 분당구 26길92
cfeb8e6f-131c-4c08-8406-ac917e36d5fb,오정미,남자,45,1978-11-8,인천시 연수구 66로98
22ca5be7-7a07-4d0f-b6b8-8522dace0252,박수현,여자,66,1957-1-5,광주시 분당구 39길34
c7e24831-2154-471b-9ca7-9113e58b8179,정정미,여자,79,1944-2-13,대전시 성북구 86길30
a5842111-e0fb-4fd4-a9fb-ad79cf3fc90a,조영희,남자,59,1964-3-25,경기도 계양구 13길8
2fc02bec-8414-4276-bb15-6535f5d35e86,조성진,여자,75,1948-1-19,강원도 계양구 49로13
41e88204-b071-4916-89fe-f37397c98bb2,김윤경,여자,57,1966-2-24,경상도 서구 32길95
83c8d02e-e07a-49c0-b097-80833c44c963,오윤경,남자,38,1985-10-26,울산시 계양구 78길95
acfc95e4-e496-4e69-84a2-af598f749cfb,윤영희,여자,82,1941-11-7,인천시 성동구 12길2
ac1449bd-7d88-43d6-b8c9-989ba7d5090b,장선진,여자,76,1947-12-26,대전시 장안구 57로100
11489d51-4fa2-4c38-a16c-b006b4287485,윤영희,여자,50,1973-9-1,부산시 연수구 20길77
e510663a-9374-4aad-91d1-7e5623cc5082,김정미,여자,48,1975-9-13,광주시 강북구 45로73
7f5a591f-fc89-4949-a14c-4b5734393e26,박정미,여자,20,2003-5-15,강원도 강남구 36길54
88939054-9c45-43cd-b22a-574612fbd7e0,최선진,남자,83,1940-10-16,서울시 계양구 38길93
23a265bf-f65b-4035-8f09-1b9cf935747b,이형섭,여자,70,1953-10-1,대구시 성북구 86길90
35da591d-4b2e-4ea5-af51-cfa12ee9aa57,장윤경,남자,57,1966-7-8,경기도 성동구 2로83
51da8c2e-f05b-4878-95f4-83deced38675,조철수,여자,37,1986-12-27,대전시 강북구 39길17
c86ea0ee-d0c3-4a52-a513-6b9b1d69a9b1,이영희,남자,47,1976-9-13,대구시 서구 25로9
23260b36-df9b-4f59-8f37-fdcee7651ac7,김미애,남자,54,1969-4-21,강원도 동구 20길10
e6f1335e-f8ae-455b-8102-9abf94a397a4,김석구,여자,18,2005-9-25,대전시 연수구 63길16
eda46923-4058-495d-9db2-fffea898d976,박형섭,여자,48,1975-7-24,인천시 성북구 20길8
5aff808f-40ab-4d55-8f93-720e7ea34d60,김재은,남자,46,1977-2-14,대구시 서구 72로60
e471b029-6403-4dc9-9663-610b329840ce,강미애,여자,80,1943-7-11,울산시 분당구 42길22
21b795a6-29b0-4988-9055-acaeaeddc04d,윤수현,남자,67,1956-4-18,대구시 서구 46로88
113ce523-f0a1-4d95-b06b-0ede9ca83405,윤영웅,여자,66,1957-10-8,인천시 동구 75로59
cf064454-d334-4278-a6f1-cf74adc2cdaf,윤윤경,남자,37,1986-4-17,인천시 분당구 70로97
430da27a-2b80-482c-a8f5-0f72d6213591,장재은,남자,23,2000-2-24,경기도 서구 96길36
7f6a35f3-ad08-43d9-bb29-8d34d14d1680,정정미,남자,82,1941-9-21,광주시 동구 90길66
612a8649-2d15-4bfd-b355-32ce61ae82f4,정윤경,여자,57,1966-5-10,부산시 서구 26로3
2ad729d7-0f1b-4939-a31c-42a5fe6a24f3,오철수,남자,57,1966-3-12,부산시 성동구 91길19
d48b0e34-556d-49fb-b846-74ad7b585f46,조윤경,여자,59,1964-7-28,광주시 성북구 91길59
080e306c-1288-4c43-a832-637ce5876671,정석구,여자,54,1969-3-18,서울시 북구 75로76
f1cf6620-2b9c-4daa-87f5-767c395a88d0,정영희,여자,20,2003-6-20,울산시 서구 37로79
927234e9-ba4f-48ad-8291-39e94a60fee8,강성진,남자,20,2003-12-7,대전시 강남구 46로66
f12da42e-d987-4554-9a2e-1c9c17b3c2af,조성진,남자,45,1978-11-9,울산시 성동구 23길65
988cc4dd-11aa-46dd-80ad-6ca92247d6cc,윤재은,여자,69,1954-5-17,부산시 성동구 55길74
49519235-d9c4-4b5d-bd0f-950455d38b92,오형섭,여자,79,1944-3-17,대전시 동구 92로20
e3cb6e7f-274c-4648-a571-4906ab9037b5,오영희,여자,72,1951-8-27,대구시 성동구 93길96
eed53d9e-25d7-4bd7-9c72-20698138588e,박선진,여자,15,2008-1-14,대전시 장안구 60길70
21ee748e-b187-42b4-88ca-51b9fd10e09f,강미애,여자,18,2005-2-24,대구시 계양구 91길54
86805dd7-21c4-440a-8d44-0d1d2e7f5b73,장석구,남자,20,2003-2-15,부산시 성동구 56길50
3f68bf28-cfac-483b-9664-96b494be17f2,강수현,남자,43,1980-6-9,인천시 동구 36로11
6b466ccb-7b6c-4832-bb9c-37fe15e66fdb,박석구,남자,68,1955-1-19,경상도 장안구 19길6
dd765185-917f-4e87-9e72-b56cd443178a,오영웅,여자,51,1972-2-7,부산시 분당구 49길98
1bff259b-9afc-427c-bf2d-c0202fefd9fc,오영희,남자,40,1983-2-8,부산시 강남구 9로86
9855432e-3b5a-46b8-93e8-a6f55b783c57,이재은,남자,68,1955-2-21,서울시 장안구 97로48
efc42e79-9f7a-4738-9117-c70f4335dde1,김석구,여자,50,1973-7-24,경기도 계양구 84길32
10b67d54-4248-4864-8bf6-e240395e1ed0,오재은,여자,52,1971-10-1,경기도 분당구 11로84
02d33d04-f0ff-4522-b4a7-cdf140c0316e,이미애,남자,81,1942-11-4,인천시 강남구 29로14
cf1e68d7-a470-481c-b8fc-a57013b464fe,오성진,여자,74,1949-12-20,울산시 장안구 100로46
1ab9441b-07ce-4041-919a-693ab3330c90,조윤경,남자,76,1947-3-1,강원도 강북구 68길98
2e84bfb1-1666-496d-9917-ad11cbca1c81,박정미,남자,57,1966-12-25,경기도 강남구 86길42
20c72e47-c6e2-41d5-8362-dd72caebcd24,김영희,남자,47,1976-10-7,경기도 장안구 47길96
d2c825d2-04db-406d-8a2b-c734e9cfd80f,윤재은,여자,21,2002-4-6,부산시 북구 68길1
5f5e82f9-c4fa-41b9-8655-9a4c0bbdae29,박석구,남자,62,1961-3-9,인천시 성북구 39길10
dc19b778-73c1-4cd1-843f-74897044cf68,조미애,여자,81,1942-7-10,대전시 동구 10로37
aaa30b6c-9c4c-48be-a34c-aaa65231e5fb,정석구,여자,14,2009-10-26,강원도 성동구 95길13
dfc26a7e-0131-4760-a9b4-6f266c474189,조선진,남자,40,1983-8-26,경상도 강남구 5로49
6a9f7e71-6d4e-4518-bfea-0fa4bc006847,장윤경,남자,41,1982-7-2,대구시 장안구 3로28
e8dc3835-387a-462e-8ab1-cdad66e52e97,강형섭,남자,81,1942-9-25,경기도 동구 66길41
36d6bbdf-6d66-44c2-ba2f-b1df721377ba,윤수현,남자,46,1977-7-9,강원도 서구 33로2
40396d20-07b0-446c-928f-126a2bd05f68,오철수,여자,44,1979-6-1,대전시 성북구 46로71
a8a5530b-03f3-4a6d-93ce-a18f9228b7e7,조형섭,여자,63,1960-2-16,강원도 장안구 19길21
57cd7d43-d0e8-4d3c-be87-5a503d617ddf,이정미,여자,82,1941-4-13,대구시 성북구 96길18
fc540e9d-bff8-4426-84b6-0f41e776e4b5,조철수,남자,81,1942-12-7,경상도 서구 59길71
8c5bb695-14a2-44f8-9053-9f79816d535e,최수현,남자,25,1998-12-18,인천시 동구 74로81
921d7abe-3531-4493-8aac-e330f0283826,장형섭,남자,31,1992-3-16,인천시 서구 22로15
96105fb0-1bb2-45db-8751-b8f3372b8f8a,윤성진,남자,38,1985-7-15,대구시 성동구 8로25
58417aaf-2d23-4cb1-b1a5-ba2c0411718f,조성진,남자,51,1972-6-13,인천시 성북구 1길56
4a498439-f8c0-4226-8f93-3a6d44baf4f9,이윤경,남자,65,1958-7-9,부산시 부평구 1로36
33644d96-e054-4e1f-b8a5-b6e4e4e2aace,이형섭,남자,56,1967-6-15,광주시 북구 39길21
6e29de07-e1b9-4426-9926-6c526a3a962b,김성진,여자,39,1984-9-3,광주시 북구 73길14
6595eb8e-9e27-4fda-9811-201dd5583118,조미애,여자,72,1951-11-11,경상도 북구 26길98
8913a29d-6f3d-4f63-a28b-3d3af6823397,박성진,남자,60,1963-1-2,인천시 강남구 37길69
4cfbe0e7-f9d3-4dbb-ad9f-dbcd28c724aa,강미애,여자,74,1949-2-19,경상도 동구 53길66
b6bf7b24-2821-48b7-a541-e510ba1ace32,윤윤경,여자,70,1953-3-17,강원도 장안구 94로65
9c1cbcba-1c87-495e-afff-5ef06fe404a5,정선진,남자,28,1995-2-18,서울시 성동구 26로18
120e28a4-7495-4c2a-8f1a-33d3534e0774,조정미,남자,30,1993-6-4,대전시 성동구 8로42
a4ad32c3-b728-4fd3-be15-fdd18aad4ec5,이정미,여자,39,1984-2-26,대전시 연수구 60길20
941c43d7-b215-494d-b530-47b76e5261dc,강석구,남자,73,1950-5-28,울산시 부평구 59로57
c4fb4c17-a794-4e69-a9dc-bccafc912501,김미애,남자,66,1957-1-10,대구시 서구 68로83
a3abfb0f-0511-4ff5-bf72-5a63cc12e2b3,박성진,남자,81,1942-3-9,울산시 성북구 80로82
354811a9-91c8-40c6-b884-1874564a634c,김선진,여자,62,1961-6-14,대구시 부평구 60길76
f32b41ce-3a27-4a3b-8cf8-8c8118cf1024,장철수,여자,79,1944-6-23,서울시 연수구 5로8
bc6786ff-85f4-4c89-8376-e257e6951d01,이성진,남자,41,1982-8-26,광주시 성동구 10길77
3ca17f98-7100-4fdc-b357-b25ea19146b5,강형섭,남자,29,1994-3-18,강원도 계양구 86로99
16542d29-1b1c-47fe-9ff3-425e64b66935,최수현,남자,56,1967-10-23,경상도 장안구 25로52
088cc880-8fc0-4575-aa6e-604b278961d2,정영웅,남자,74,1949-2-22,강원도 부평구 57로41
53b20ae2-de66-4002-ac58-7e2f068e97c2,장정미,남자,49,1974-2-8,인천시 강남구 58로3
c5f59556-832e-4daa-957d-53a692f5b28b,윤형섭,남자,21,2002-2-1,대구시 분당구 27길46
1c814594-951b-44f7-a151-57fd641c39ee,장영희,남자,14,2009-3-21,강원도 부평구 57길47
28cb5ae1-731a-4c42-8f2a-b82c206627ff,조윤경,남자,31,1992-9-24,경기도 북구 45길95
f21d1cd3-9bfe-4854-a3b1-448582a6b01b,조수현,남자,39,1984-1-7,대구시 계양구 67로2
186f3fb2-a84f-44c7-801e-d9fc0b0f1f60,최정미,남자,63,1960-4-27,강원도 연수구 97길59
394942aa-3bac-47f2-ad31-4f0b4e7e5e2a,정영웅,남자,23,2000-3-27,광주시 강남구 99로39
d2e0739d-2283-4171-8417-bbbf4671334e,박윤경,여자,62,1961-8-12,서울시 성북구 71로37
42b63c93-3216-4984-a335-967eaab46f5b,장영웅,여자,39,1984-8-27,대구시 분당구 22길23
902b92c5-d319-4878-95b0-6e48e96ed16d,조석구,여자,51,1972-1-17,경상도 강남구 77로3
7df15b4f-28bf-42cb-89bf-d49a33d0439b,정재은,남자,28,1995-5-15,인천시 장안구 88길25
90225e67-c50a-4160-8e99-b39f5350b947,장미애,남자,24,1999-12-13,경기도 성북구 47로1
ab9ea87d-4fe4-4fa3-9a81-eabe52a777e9,조영웅,여자,25,1998-10-27,경기도 동구 31길69
454cb563-ae25-40ec-9ade-842de50bfe82,정석구,여자,70,1953-12-6,경기도 성북구 38길33
96a98924-bdc0-454f-a865-d9e7584e3388,오윤경,남자,67,1956-9-17,울산시 장안구 28로88
c770ad7b-f610-4810-891d-cfd759dfa530,정재은,남자,34,1989-11-14,경상도 계양구 13길36
6e0aa474-c555-458d-bec9-a495434b0747,김선진,여자,41,1982-10-21,서울시 부평구 48로39
e5dfe55d-1fd9-4636-b507-3e8e4e4d2c89,박윤경,여자,62,1961-12-6,경기도 부평구 94로58
3d1a78cc-4eb7-48d9-83f1-374734c5f1c4,이영웅,남자,65,1958-3-15,경기도 북구 66로50
c080eb9f-49ea-4a97-9098-2f51e1bad99b,강수현,남자,73,1950-8-21,대전시 성동구 6길4
dbe38679-a8f2-481f-8e3e-95bf66550304,김석구,남자,83,1940-8-27,대구시 분당구 68길90
9c23224e-927a-4b61-a24a-8488c0884290,최미애,여자,43,1980-8-22,대구시 서구 54로92
066049bc-776e-4040-a9a1-87caf30db379,이석구,남자,24,1999-3-7,부산시 서구 85로21
0f3031d4-069c-4b6e-8895-ed5710cb5aae,장선진,남자,80,1943-6-11,광주시 서구 73길75
6fe39fc1-566c-476a-94a9-28fa331aa327,김재은,남자,45,1978-4-24,인천시 연수구 43길62
0763227b-2cf9-4193-808c-2c60c965ae38,장윤경,여자,72,1951-7-12,경상도 북구 13길49
fb5a2e50-4650-4146-8344-d6246f002961,김재은,남자,23,2000-3-22,서울시 강남구 49길5
478cc856-1e52-45ec-a955-6afb567cc29d,정수현,남자,47,1976-3-14,강원도 강북구 10로39
bf983c33-e3f2-430f-b9f9-c94732109339,윤성진,여자,79,1944-12-11,울산시 계양구 64길77
28962960-55dd-40c9-b8d6-1bdf98311443,최재은,남자,56,1967-12-17,대구시 분당구 46로40
25a8c523-8d94-46a4-ae0b-d5a64790476d,최형섭,여자,50,1973-4-5,강원도 서구 33로35
a27aaa49-f124-4b20-924b-5a0190174e64,이영웅,남자,50,1973-4-28,인천시 북구 52로52
7aec43de-7676-4783-bf19-31dcdd191f44,박형섭,남자,15,2008-10-25,울산시 서구 7로49
26d27654-4e65-4eb3-a3f6-895e3dc30dcb,이수현,여자,33,1990-12-27,대구시 성북구 19로74
0413c736-da05-4211-bf60-a528b5bbc32d,박선진,남자,20,2003-3-9,광주시 연수구 89길93
761deb6c-b9ea-44af-89b9-626dd1921f40,조정미,여자,48,1975-1-27,경기도 서구 49로20
8f2f967e-cea9-451c-82a1-9c9f258a4115,오영웅,남자,64,1959-11-3,서울시 동구 89로53
de9b9c5b-1b86-494f-8fe2-a6ac346a3fe9,이석구,남자,26,1997-11-20,부산시 부평구 67길21
63a32fb9-3e95-4e80-bbea-ce72670f9055,윤정미,여자,25,1998-2-25,인천시 북구 32로72
48c09023-3943-43fc-a31f-91a6e8ad2247,이수현,남자,71,1952-12-8,대구시 성동구 83로24
1f89d810-8bec-41ac-8a32-e50b6e49fc0a,장형섭,여자,82,1941-10-4,경기도 서구 19로35
d5619e72-5374-4f4a-8193-7a6bb7db50d8,박형섭,남자,24,1999-8-6,광주시 강북구 50길11
cd42a033-3dc9-4461-9ef3-b1b0ec851f98,강영웅,남자,41,1982-1-13,경기도 장안구 7길30
405707fc-7234-4089-84d2-e80c110d7146,윤성진,남자,61,1962-8-8,광주시 서구 19길53
03eb5518-1ae7-4711-86bd-c8a5a6733d27,박정미,남자,41,1982-6-14,인천시 서구 53길69
a43563e3-e65e-4c0c-8463-e48e2bbbdb17,윤정미,여자,24,1999-12-18,경기도 분당구 54로45
d3ba1c4e-3d30-435f-a512-b962596c50a5,이석구,여자,71,1952-2-8,울산시 연수구 83로82
9cd844d6-c7ea-4a09-bd00-57af6fe446b2,조윤경,여자,71,1952-6-4,대전시 연수구 68로61
aedfa9da-63e7-4f17-8b17-6b2cd72a8ade,박윤경,여자,70,1953-8-20,대전시 성북구 46길13
4e695ad0-8760-4165-b689-41686bb0c816,오철수,여자,59,1964-3-10,울산시 장안구 17로25
e593a97b-9f18-4c46-ad8b-a987fcd7d13c,오윤경,남자,80,1943-10-6,강원도 서구 56길7
07e2855f-4e48-4f05-b74f-003b2083f80c,정영웅,여자,31,1992-5-18,서울시 성동구 30길37
4a8051eb-6a51-4e1b-ad0d-00e7dda49609,박윤경,여자,58,1965-12-22,대구시 강남구 36로37
87d4c12f-5bc9-421a-ab2b-99c37ea42756,조윤경,여자,33,1990-10-26,서울시 계양구 91길50
92dae651-1436-4d65-b018-598118aa70ed,최선진,남자,21,2002-4-16,경기도 부평구 13로1
4b869b9a-2b26-4080-846b-ffb6df9ecc1b,장윤경,여자,52,1971-1-8,대전시 서구 18로12
898e9706-3192-4de1-aa36-33e53a607151,조철수,여자,79,1944-6-10,경기도 동구 68로74
41092b8c-94ad-42a6-9fb0-c9e1ddcc354a,오형섭,여자,42,1981-7-16,광주시 강남구 67길64
8ab24105-562f-40f1-b70b-e48ecc39f594,최정미,남자,22,2001-8-3,부산시 장안구 90길76
ffd63171-9cfc-45e9-b651-826373f5d14f,조재은,남자,67,1956-8-6,울산시 성동구 21길73
8febd583-cd03-4902-bfda-a64da6693971,조영웅,여자,30,1993-3-1,경기도 성동구 63길8
c0af7c8d-36b3-4d7a-9858-c392ddc5ce0a,최미애,여자,48,1975-12-18,강원도 부평구 78길20
b42bb2e4-4066-4682-abdb-4c179f052006,오정미,남자,53,1970-6-13,부산시 분당구 25길41
eddb1bc7-480a-443e-8c14-e508032b4122,김성진,남자,77,1946-2-6,대구시 북구 49로73
3d601eb0-b254-4f07-8a59-128f618e008a,강석구,남자,47,1976-7-22,대전시 북구 93로59
00232733-f023-49ac-9e06-146a88ac22a8,윤정미,여자,35,1988-10-28,광주시 분당구 10로66
9bd2317c-89db-4843-8faa-65b079dd488e,조정미,여자,79,1944-10-21,대전시 장안구 3로26
b7e8a797-3d21-48e1-8ebc-e0ed75c35028,장재은,여자,69,1954-12-8,광주시 부평구 35길51
fb4dec32-fc05-40fd-a7ca-b5711ca370c9,오미애,여자,56,1967-8-21,부산시 연수구 34로25
01b94c05-b472-49c5-901f-8ed40aab0507,정영웅,남자,61,1962-1-20,서울시 성동구 30길66
c891a1a1-05d0-478e-8faf-1503bdb8dd22,박재은,여자,33,1990-10-17,광주시 장안구 77로56
29d8ea6d-eb69-4075-9744-79a9f817019b,박정미,여자,25,1998-8-15,대전시 연수구 92로88
de6f37c2-4e11-4409-ad21-7e54f9a9bc6e,오영희,남자,52,1971-3-24,경상도 강남구 59로48
19100946-f631-4da3-9134-238a492782a0,오미애,남자,53,1970-7-8,강원도 부평구 94로67
737c9d8d-8661-4f63-a28d-bfa84cda59bd,강미애,여자,78,1945-6-15,대전시 성동구 38길62
f893d6b9-4b46-4a17-9361-4d1c909ff9e9,강영웅,남자,53,1970-10-2,부산시 성동구 71로26
baca9d48-3039-4f9e-a65d-d48d16d5ded4,박성진,여자,59,1964-4-13,경상도 분당구 51길59
6561cc0a-063d-42fd-b82c-10856ae7a3cb,장정미,남자,63,1960-12-14,울산시 성동구 7길4
880c7266-e49a-480d-8788-9e457b2c1a01,최미애,여자,33,1990-6-18,경기도 장안구 3로56
3a83491f-3f74-44ed-9189-5e2abadb97ac,박형섭,남자,15,2008-5-14,울산시 강남구 19길84
4c8d23fc-48f7-4609-9d14-a5e556880bf4,정정미,남자,83,1940-1-23,강원도 강북구 62로59
12130f17-b48a-4638-b518-e53129f82506,강윤경,남자,67,1956-8-19,인천시 동구 83로93
305c8aa3-efeb-4648-8b4f-1e30fef527ac,이정미,여자,76,1947-10-1,서울시 강북구 26로37
0671f313-712d-407a-afb2-673e83f88264,윤철수,남자,32,1991-12-11,인천시 장안구 77길53
8e63db22-b3ae-4388-b927-02c9bf49618b,장윤경,여자,32,1991-2-15,강원도 장안구 97길35
ed284cee-e095-49e0-a79f-498d411535e2,윤재은,여자,60,1963-10-9,인천시 연수구 98길28
71df900a-8f44-4cea-bc95-369bf3df076c,조영웅,남자,34,1989-9-24,대전시 연수구 69길32
45a1c5d3-c723-422b-ad31-3db113e0a51f,오성진,남자,46,1977-9-23,강원도 부평구 74길36
4d391664-b356-482f-a764-5faf9407bb50,김재은,여자,72,1951-3-23,대구시 연수구 48로15
3a3b3f01-ac71-4ebd-8e32-c8054a932eb8,장재은,남자,82,1941-11-17,인천시 장안구 92로48
2f99ccea-b9a2-4e4d-a9bb-0ce65fd61a7f,윤윤경,남자,35,1988-7-19,부산시 성동구 98길31
1c852480-036d-4876-85d5-573c4c9de36a,윤윤경,남자,25,1998-8-8,대전시 서구 8길44
425a2fd1-f0f7-49b3-be74-2d0828381797,김수현,남자,54,1969-3-13,대전시 장안구 24길45
1b95b20a-9843-4c3f-b887-67681523de20,오수현,남자,58,1965-9-1,서울시 성동구 69길100
f14fdf34-b51c-466d-a716-defd0cd19ae4,조철수,남자,14,2009-1-21,경기도 동구 42길29
0ac14efb-768e-4750-aacd-cdd772d72318,이재은,여자,76,1947-1-25,대구시 강남구 33로94
0f684711-e5cd-43dc-8632-718b6bccf5f9,이정미,여자,48,1975-6-10,경상도 계양구 70로21
0cd8392f-32d4-43f3-9098-de7ad7b9bb83,이철수,남자,36,1987-3-27,울산시 장안구 16로85
48943cbf-c97d-4e3d-9f4b-0ca50874a47c,최형섭,남자,72,1951-7-4,대구시 북구 13길98
c9e23021-4028-48c8-9496-f7898bf3d553,최수현,남자,24,1999-11-21,대전시 성동구 90로35
fcbeb104-868e-49be-9e2d-6c40c29f6ad1,정형섭,남자,33,1990-8-25,부산시 장안구 35길41
5ef968cd-0708-41a3-9874-e7e893211b08,최정미,남자,75,1948-9-1,서울시 장안구 61길48
86f8df1f-2a53-463f-b813-79281a5373dc,조재은,남자,29,1994-6-1,인천시 강남구 44로15
a9485b21-0078-4293-b5ac-9282409f925d,이형섭,여자,57,1966-4-4,서울시 연수구 31로67
1fbe5f0a-b716-41ee-9a37-bc219ef9a36e,오영웅,남자,56,1967-11-7,경상도 부평구 85로80
59fd7a12-7ed1-474f-939f-b1d86160ec62,이철수,남자,29,1994-2-13,인천시 분당구 26길14
2c671ed7-5300-4c6c-bc7f-2d5c2a3ea496,이정미,여자,25,1998-10-21,경기도 장안구 75로94
434fb711-6638-48f9-91fd-8125d4c40439,오윤경,남자,75,1948-8-10,부산시 분당구 63로33
0dfe7ab4-85de-4561-8f56-bd7fd6225c13,이성진,남자,27,1996-9-28,부산시 강북구 7로40
71e18587-c524-48c6-81ae-9a0a107dd336,최선진,남자,18,2005-2-20,대전시 동구 73로94
404f98d4-994a-4857-8ffe-7e670ed0abe1,윤정미,여자,68,1955-6-3,인천시 북구 2길29
befa6654-f5d4-4910-a64b-cc7f2c183a01,오정미,여자,72,1951-4-7,대구시 장안구 66길16
066e7eab-7ef0-4bac-9e24-e833129fdbcb,장재은,여자,59,1964-6-4,강원도 분당구 77길61
2ad962a3-9917-4382-958d-85a1ec7926a8,오미애,여자,45,1978-1-19,울산시 성동구 53로14
89b4edfb-5271-43cc-aa23-0a565a6d2b5a,장수현,여자,63,1960-8-10,광주시 분당구 56길81
78b78b42-fadf-4f58-9fd6-0e3ea932df29,강영희,남자,48,1975-1-8,광주시 성동구 86로9
dacaa234-96a6-485a-96e7-05560a299bfc,강성진,여자,71,1952-4-10,경기도 서구 87길13
68888b28-0766-4121-bf6f-86e5afabd35a,강성진,남자,41,1982-7-22,광주시 분당구 14로89
5a60f96e-0d85-4a54-adda-189ee6788f2e,박정미,남자,35,1988-11-11,부산시 연수구 92로2
2bbc14c1-cf6f-4e04-bc47-d95c3dcfa65b,이영웅,여자,56,1967-8-6,울산시 성동구 10로6
72ea6b5f-0be3-415b-aa8b-d841f1fa0610,김영희,남자,34,1989-8-5,경기도 성동구 1로82
7e78d18c-f1d2-448e-82c2-5322231e9a63,박재은,남자,22,2001-10-5,강원도 계양구 37로54
5e3bb181-bc2b-4abb-bd8d-bd26875665c0,장정미,남자,55,1968-9-1,경기도 연수구 13길23
06293dac-1c17-43be-93c2-57e5bc27506e,최철수,남자,39,1984-3-21,울산시 북구 66로34
5eba75e1-8140-49e3-81f4-5b9da84db631,정정미,여자,49,1974-11-3,경기도 성북구 3로16
b2a55e72-d50f-4e03-a7dd-815280a256f1,최정미,여자,39,1984-10-14,부산시 성동구 63길12
b394ebbd-3a92-4dc1-be92-0cbc4c5ce694,최정미,여자,69,1954-4-20,경상도 북구 25로58
a659b806-4d4b-457a-aba4-de9c0b499840,조석구,남자,53,1970-2-14,경기도 분당구 92로80
c9ccf1da-0014-4384-b84a-dad185849824,박수현,여자,45,1978-3-7,인천시 성북구 65로79
c892d273-80de-4279-9fa9-44337c94e64d,윤미애,여자,82,1941-12-20,강원도 연수구 22길48
88cb2cbc-ceee-4a81-ae1f-93fcb9a1f442,최영희,여자,34,1989-2-1,경기도 북구 20로67
86174d90-b99b-4815-87e4-7474ccfcd074,이철수,남자,70,1953-9-23,대구시 부평구 13로83
c7ad43e4-c3b4-4cc3-a89f-376b7523ef0a,장윤경,남자,66,1957-5-23,경기도 강북구 17로26
aabe14b4-7afd-4732-8b90-a9a29fefa1ca,오영희,여자,68,1955-11-7,대전시 분당구 66로95
7a233d04-9c5f-435d-ba00-8a2ee6324219,조미애,남자,17,2006-5-7,울산시 성동구 85길76
07f47df7-afb5-459c-9957-4205f5978554,조석구,남자,33,1990-8-9,부산시 강남구 16길48
b34f5eed-7ec9-4cf4-98d5-3170a3a2aff8,조철수,여자,32,1991-4-28,경기도 북구 50길55
9e54d712-df3c-4dcf-88ca-2ed579bbc058,최석구,남자,18,2005-5-4,경상도 성북구 94로79
eca4f42d-ab8f-4755-a884-0b1b48474491,김성진,여자,61,1962-6-20,대구시 동구 56로51
99d24a4a-fa93-477a-9e73-39bc8c92d063,최성진,남자,71,1952-4-28,인천시 부평구 96길82
2066ebd4-03cc-4ceb-8261-3a4b58b83c83,윤성진,여자,60,1963-6-4,서울시 계양구 34길58
f9834ed6-de30-4c26-ad5e-e1bcaa93ea6e,장미애,여자,44,1979-3-26,광주시 계양구 80로76
af303741-3649-40b4-9f8c-720439421447,정석구,여자,20,2003-3-18,서울시 계양구 19길44
d4216f65-2c08-45e7-83d7-8c013f90513f,윤미애,여자,45,1978-2-4,대전시 성북구 59로13
230043be-a4ea-4676-8e91-a19f20ea3c18,최형섭,남자,21,2002-7-6,서울시 장안구 61로12
8dc128c7-1624-4698-ae83-a955d9ff0b7f,장영희,남자,49,1974-9-8,대구시 연수구 86길44
58a9b7ef-7be1-467a-80da-00e173d6b767,박철수,여자,68,1955-11-18,부산시 계양구 99로85
5e0d725e-ed43-4e97-a90d-5758b8c86ec7,정미애,여자,72,1951-2-3,대전시 분당구 25로91
c8215327-4b5a-4243-a967-13407f53418e,조석구,여자,47,1976-6-8,광주시 장안구 81로15
238d7af8-51ce-400b-93f4-a1d8fa1e9974,오정미,남자,83,1940-11-3,광주시 서구 28로31
38cbc42d-b856-4c2c-9777-e90971778498,장윤경,여자,50,1973-2-6,서울시 강북구 42로44
d92af104-7f37-4396-9487-3cf7f9ecb596,윤윤경,여자,32,1991-6-3,울산시 연수구 48로24
6974fbf2-fd3e-42b2-b6a1-7383b1c6efc9,윤선진,여자,78,1945-11-26,울산시 동구 23로36
90b041a2-7733-4b65-958f-0de35b7c0016,강미애,여자,17,2006-11-17,경상도 강북구 13길90
538f632a-9600-4a27-9dcd-9b23851eff2c,정수현,남자,75,1948-5-12,경기도 부평구 7길10
10df836a-a672-4d4d-b41f-fa0abe4aee74,조철수,여자,22,2001-11-7,강원도 북구 92로4
6b7fee39-6e12-494e-adb0-b017eec8b654,강수현,여자,23,2000-9-3,서울시 부평구 16로33
381856b3-e06f-4c0c-93b2-4e393f9ac64e,이미애,여자,58,1965-6-15,경기도 북구 35로7
54c795ee-7781-4c14-9ed9-c2a20275be7d,장성진,남자,82,1941-3-19,인천시 연수구 8로15
f484f1e8-3819-4cb3-b535-50f83ef7e9ea,이미애,남자,58,1965-2-16,부산시 부평구 29길13
72d579a6-bf7b-4b07-afb7-1380f4460529,이윤경,남자,22,2001-12-26,부산시 성북구 34길38
9536f8c7-d686-4dd0-8d1c-0cb22c1c44a6,정석구,남자,22,2001-2-27,광주시 성북구 49로23
937627b2-644a-478c-a042-0dea5316c00b,김영희,여자,51,1972-9-28,경상도 분당구 17길48
db00c60e-2fab-471a-bb5f-9a12bc42e63b,김철수,여자,81,1942-12-6,대구시 성동구 74길50
d06682d4-4148-4e99-a67c-98a89cc1d7a9,윤선진,여자,59,1964-12-25,인천시 성북구 79로58
45f55191-3389-4430-b5c0-db1dc5545a96,박윤경,여자,60,1963-12-3,부산시 성동구 95로73
96f8e3a5-5959-4efd-802f-caf779f29b97,장석구,여자,56,1967-11-19,경상도 서구 87길3
db5c7d19-cc26-4229-97d2-a37bcf48ad85,강수현,여자,65,1958-12-16,대전시 강북구 78길28
19fd4423-2480-4e40-bd71-b121ce7cecbf,오윤경,여자,64,1959-10-16,경기도 계양구 22길22
3c7e7d42-dbf7-48bc-a073-b0fbee3f7b1a,김형섭,남자,46,1977-12-20,경상도 성동구 88로47
706eb222-e833-462b-be4e-a9771b43ce0a,박영웅,남자,54,1969-9-25,대구시 장안구 50길85
c3b6572d-19c6-4f8f-8773-4f867eb8c90d,조정미,여자,74,1949-11-7,강원도 서구 76로18
920e4663-fc86-4a38-bd79-c3e8e5f76dee,박윤경,여자,17,2006-8-11,인천시 연수구 61길25
6544f067-b494-4061-9c5f-fc02316ba519,장재은,여자,38,1985-11-10,인천시 성북구 66길8
4baaefc3-e4de-47a3-acd8-ce87f97dab27,정정미,남자,37,1986-4-19,경기도 강북구 33로17
3ff33f3a-4d81-4c36-a1e4-b25928512cf4,이선진,남자,54,1969-7-11,대전시 강남구 70로9
7de4f0a6-af1f-4a1e-a787-16da8423224a,최재은,남자,76,1947-10-11,울산시 서구 68길66
173b98d6-c27b-4aee-8fde-dc4e7e6ff91a,강재은,남자,35,1988-4-9,서울시 동구 84길100
11cd425d-aa4b-41ec-ae64-74659d4d93b5,김윤경,남자,48,1975-7-15,부산시 강남구 56길89
ec8bf854-4ef3-4008-87b7-d6d750960748,오미애,여자,22,2001-10-14,대구시 장안구 39길61
92870088-402a-4d11-9e74-ec17f53465c1,김윤경,남자,50,1973-3-8,울산시 서구 12길30
b135b01e-73ff-4b4b-8206-a71ddafde158,최재은,남자,41,1982-4-18,강원도 장안구 11로98
166e4bbf-89e4-4dd4-aa57-ff839b850f2e,이성진,남자,67,1956-1-17,경상도 북구 76로52
0b28688f-7ab2-4154-a606-b4f63854b88c,조미애,남자,23,2000-1-11,강원도 성동구 72길43
893e738b-2fcc-4f53-b9a6-f0187b18bf2b,이영희,여자,80,1943-7-16,경기도 강북구 31로43
53c85308-e007-4198-bed1-98a5cb63f0a4,강정미,남자,52,1971-7-3,대전시 연수구 57로42
6d00581f-3f49-4a6f-8471-89346dcbbf48,정선진,남자,60,1963-2-26,대구시 동구 10길91
c7a064f8-fd70-4993-8b54-d36ea39e4a79,윤재은,여자,33,1990-12-21,경기도 성동구 87길35
e62b2380-6351-4a07-87f2-59dcd90b27fa,최석구,여자,78,1945-2-14,대구시 성북구 31길19
477fd8c3-cf5b-4ebb-812b-61d7331a9c9b,김재은,남자,49,1974-4-24,광주시 연수구 100길80
5de35cd6-e8f1-4e72-9068-5400713f0b4e,이석구,여자,29,1994-11-18,대전시 장안구 71로62
744f342e-edd7-499a-863e-7cf1eb0e7be6,박철수,남자,44,1979-3-16,인천시 연수구 70로85
c93417eb-80ec-4aeb-a70c-f3a2271fa625,박수현,남자,15,2008-7-3,광주시 성동구 12길38
e5848ff2-3001-4a06-88eb-589656cb2ae0,강형섭,여자,35,1988-1-4,경상도 서구 89길68
f6310588-f5aa-4c9f-aef5-af4dbe6bec84,정재은,남자,75,1948-8-5,경상도 성동구 42로70
5baefe3f-d906-4e2f-8a39-117bb9e1589d,장형섭,여자,74,1949-3-23,대구시 북구 51로47
e25e3e67-7d19-42e5-8995-5e0ef3fc1f97,오형섭,남자,82,1941-10-19,경상도 성동구 47길64
630e0884-ca37-47bb-82e4-115b553eb391,정영희,남자,83,1940-7-10,경상도 강남구 9로53
9a1e2d30-6a4c-4027-a07a-112b12957be0,정영웅,남자,82,1941-10-3,대구시 강북구 75로27
3432a4cf-9b9e-4ad1-b0af-f4b4f40bf790,장형섭,여자,80,1943-5-18,인천시 장안구 65로88
50a4e1c2-4b8f-4ca6-9a0f-df0615572e8a,윤석구,여자,75,1948-8-18,광주시 동구 53로85
3b8f16e6-6ef7-458d-8f6b-37a897cdb0b0,오윤경,여자,70,1953-11-7,서울시 서구 44길40
5dfcb197-267f-4839-adb0-52cb16774bfe,정선진,여자,60,1963-2-25,대전시 계양구 65길73
a845f2fc-abf3-4aab-a768-dcf89b98ee01,조형섭,여자,79,1944-11-22,인천시 성북구 86로48
adcbe5c9-c8af-452d-8d24-9a462391dc14,정재은,남자,60,1963-9-11,인천시 성북구 58로41
78999130-b081-4603-a0e5-b732ff74351a,장성진,남자,63,1960-12-1,강원도 분당구 45길65
804cda88-74db-4c83-94c0-5e7ffe635831,김미애,여자,26,1997-4-21,경상도 서구 80길7
9680f741-84f7-4004-b9a8-bdfecc90fd9b,박재은,남자,24,1999-7-27,울산시 계양구 55로57
9768e8f5-8cd1-4d46-8571-3a97772b042b,정영웅,여자,61,1962-10-2,울산시 부평구 40로56
07ce5abb-b56c-4223-93db-36c1b910232a,조선진,여자,73,1950-7-8,광주시 성동구 11로68
7e8befd0-b951-4c75-8b59-9c9a56e73c16,강영웅,여자,80,1943-11-10,광주시 계양구 39로94
2cbe65f9-e6e9-4e88-909f-3590803628a6,박성진,여자,19,2004-9-10,대전시 서구 84로20
6d3cbd3c-bd70-4619-905d-bb4edb840461,박석구,남자,26,1997-3-24,서울시 성동구 79길31
63ec2579-cedc-4173-b7a3-3209d4abc331,조형섭,남자,70,1953-12-22,서울시 계양구 63길91
00a33f73-1b11-46c6-94ff-5a30dd0c5727,최영웅,남자,25,1998-5-3,경상도 연수구 61로2
452fbeb5-be4c-440e-8019-5b7b40877c12,박성진,여자,73,1950-9-27,인천시 서구 49길15
21b7e8dc-a746-46da-9343-3cbf60450ae4,오석구,여자,53,1970-9-22,부산시 동구 52길15
1a5482bb-7083-4719-8741-4bd01cafdf0e,정형섭,남자,73,1950-6-27,대구시 동구 72길99
5a2de809-f7d7-48d7-a029-2997c4190a99,정형섭,남자,45,1978-2-25,경상도 성동구 95길88
ff465391-1ca2-41a7-a6fe-4f6a182a8820,이선진,남자,38,1985-7-26,대전시 강북구 82길18
6c2702a0-3d17-4d0d-ae47-c410768cdb64,이미애,남자,77,1946-8-26,광주시 장안구 91길79
e3a91d63-cc49-4728-a2a9-c67093d5280b,오미애,남자,77,1946-6-9,광주시 서구 79로45
3885f691-c456-4505-9538-56a45eb47c2b,오선진,여자,63,1960-10-5,강원도 서구 21길29
6b912cd1-095c-40d7-9c8f-ae615a56ea5a,오영웅,남자,26,1997-1-11,대전시 서구 88로74
62477e57-f3ea-40b5-8a2f-861870e4fb5d,조성진,남자,49,1974-12-8,서울시 강북구 72로66
e069e31a-3592-4ee5-97dd-b73ed8a13e21,최성진,여자,79,1944-6-20,부산시 북구 91로61
dc2f2ed3-b4c4-4ce2-aa37-ddc5d01003ed,윤영희,여자,83,1940-10-17,광주시 성북구 89길31
254a67d3-2dd5-4eaf-b6aa-b4c8881355d8,김재은,남자,83,1940-10-23,서울시 동구 13로82
0131e1da-8c6a-45fd-a148-319b82fcebd8,박철수,여자,66,1957-10-2,인천시 계양구 81길82
309d0bc5-a8e0-47c4-a977-804e26a9aafb,박미애,남자,81,1942-12-21,경상도 연수구 22길73
579936c9-2ef0-4336-896c-b2673f1d5556,정미애,남자,54,1969-2-11,대구시 계양구 42로25
2561b6f0-f2bb-4322-830c-ae3be1aa1494,조철수,남자,80,1943-5-26,울산시 성북구 83길54
c1fdb20b-d376-4421-8757-7a665f27dc06,윤성진,남자,46,1977-7-21,대전시 동구 27로41
65d8ce7f-6c60-4d40-8b7e-ea2148bf41af,이미애,여자,74,1949-5-21,서울시 분당구 27길68
7d3a1057-4e30-4178-9725-bc7b3561dcea,장선진,여자,29,1994-5-12,인천시 강북구 15로12
0f5a05a2-f1a0-4559-846c-55dc145b14be,강윤경,여자,79,1944-1-4,광주시 성동구 40로41
694a9f82-844b-4e9a-a465-94076ece494d,이석구,남자,60,1963-3-5,인천시 장안구 23길92